-- phpMyAdmin SQL Dump
-- version 5.2.1
-- https://www.phpmyadmin.net/
--
-- Host: mariadb:3306
-- Generation Time: May 02, 2025 at 10:09 PM
-- Server version: 10.4.11-MariaDB-1:10.4.11+maria~bionic
-- PHP Version: 8.2.25

SET SQL_MODE = "NO_AUTO_VALUE_ON_ZERO";
START TRANSACTION;
SET time_zone = "+00:00";


/*!40101 SET @OLD_CHARACTER_SET_CLIENT=@@CHARACTER_SET_CLIENT */;
/*!40101 SET @OLD_CHARACTER_SET_RESULTS=@@CHARACTER_SET_RESULTS */;
/*!40101 SET @OLD_COLLATION_CONNECTION=@@COLLATION_CONNECTION */;
/*!40101 SET NAMES utf8mb4 */;

--
-- Database: `project`
--

-- --------------------------------------------------------

--
-- Table structure for table `accommodations`
--

CREATE TABLE `accommodations` (
  `id` bigint(20) UNSIGNED NOT NULL,
  `name` varchar(255) COLLATE utf8mb4_unicode_ci NOT NULL,
  `location` varchar(255) COLLATE utf8mb4_unicode_ci NOT NULL,
  `type` varchar(255) COLLATE utf8mb4_unicode_ci NOT NULL,
  `main_image` varchar(255) COLLATE utf8mb4_unicode_ci NOT NULL,
  `stars` int(11) NOT NULL DEFAULT 1,
  `price_per_night` decimal(10,2) NOT NULL,
  `amenities` text COLLATE utf8mb4_unicode_ci DEFAULT NULL,
  `featured` tinyint(1) NOT NULL DEFAULT 0,
  `created_at` timestamp NULL DEFAULT NULL,
  `updated_at` timestamp NULL DEFAULT NULL
) ENGINE=InnoDB DEFAULT CHARSET=utf8mb4 COLLATE=utf8mb4_unicode_ci;

--
-- Dumping data for table `accommodations`
--

INSERT INTO `accommodations` (`id`, `name`, `location`, `type`, `main_image`, `stars`, `price_per_night`, `amenities`, `featured`, `created_at`, `updated_at`) VALUES
(1, 'Hotel Chick Chick', 'Bengo', 'Hotel', 'defoute.jpg', 5, 60309.00, 'Wi-Fi,Estacionamento,Café da manhã', 1, '2025-05-02 21:17:51', '2025-05-02 21:17:51'),
(2, 'Hotel Chick Chick', 'Benguela', 'Hotel', 'defoute.jpg', 3, 20519.00, 'Wi-Fi,Estacionamento,Café da manhã', 1, '2025-05-02 21:17:51', '2025-05-02 21:17:51'),
(3, 'Hotel Chick Chick', 'Bié', 'Hotel', 'defoute.jpg', 4, 67075.00, 'Wi-Fi,Estacionamento,Café da manhã', 1, '2025-05-02 21:17:51', '2025-05-02 21:17:51'),
(4, 'Hotel Chick Chick', 'Cabinda', 'Hotel', 'defoute.jpg', 5, 59758.00, 'Wi-Fi,Estacionamento,Café da manhã', 1, '2025-05-02 21:17:51', '2025-05-02 21:17:51'),
(5, 'Hotel Chick Chick', 'Cuando', 'Hotel', 'defoute.jpg', 2, 51737.00, 'Wi-Fi,Estacionamento,Café da manhã', 1, '2025-05-02 21:17:51', '2025-05-02 21:17:51'),
(6, 'Hotel Chick Chick', 'Cubango', 'Hotel', 'defoute.jpg', 4, 65189.00, 'Wi-Fi,Estacionamento,Café da manhã', 1, '2025-05-02 21:17:51', '2025-05-02 21:17:51'),
(7, 'Hotel Chick Chick', 'Cuanza Norte', 'Hotel', 'defoute.jpg', 5, 42955.00, 'Wi-Fi,Estacionamento,Café da manhã', 1, '2025-05-02 21:17:51', '2025-05-02 21:17:51'),
(8, 'Hotel Chick Chick', 'Cuanza Sul', 'Hotel', 'defoute.jpg', 5, 49447.00, 'Wi-Fi,Estacionamento,Café da manhã', 1, '2025-05-02 21:17:51', '2025-05-02 21:17:51'),
(9, 'Hotel Chick Chick', 'Cunene', 'Hotel', 'defoute.jpg', 4, 22908.00, 'Wi-Fi,Estacionamento,Café da manhã', 1, '2025-05-02 21:17:51', '2025-05-02 21:17:51'),
(10, 'Hotel Chick Chick', 'Huambo', 'Hotel', 'defoute.jpg', 4, 60231.00, 'Wi-Fi,Estacionamento,Café da manhã', 1, '2025-05-02 21:17:51', '2025-05-02 21:17:51'),
(11, 'Hotel Chick Chick', 'Huíla', 'Hotel', 'defoute.jpg', 2, 58230.00, 'Wi-Fi,Estacionamento,Café da manhã', 1, '2025-05-02 21:17:51', '2025-05-02 21:17:51'),
(12, 'Hotel Chick Chick', 'Icolo e Bengo', 'Hotel', 'defoute.jpg', 2, 34292.00, 'Wi-Fi,Estacionamento,Café da manhã', 1, '2025-05-02 21:17:51', '2025-05-02 21:17:51'),
(13, 'Hotel Chick Chick', 'Luanda', 'Hotel', 'defoute.jpg', 2, 47490.00, 'Wi-Fi,Estacionamento,Café da manhã', 1, '2025-05-02 21:17:51', '2025-05-02 21:17:51'),
(14, 'Hotel Chick Chick', 'Lunda Norte', 'Hotel', 'defoute.jpg', 4, 63676.00, 'Wi-Fi,Estacionamento,Café da manhã', 1, '2025-05-02 21:17:51', '2025-05-02 21:17:51'),
(15, 'Hotel Chick Chick', 'Lunda Sul', 'Hotel', 'defoute.jpg', 5, 52444.00, 'Wi-Fi,Estacionamento,Café da manhã', 1, '2025-05-02 21:17:51', '2025-05-02 21:17:51'),
(16, 'Hotel Chick Chick', 'Malanje', 'Hotel', 'defoute.jpg', 4, 43351.00, 'Wi-Fi,Estacionamento,Café da manhã', 1, '2025-05-02 21:17:51', '2025-05-02 21:17:51'),
(17, 'Hotel Chick Chick', 'Moxico', 'Hotel', 'defoute.jpg', 3, 21684.00, 'Wi-Fi,Estacionamento,Café da manhã', 1, '2025-05-02 21:17:51', '2025-05-02 21:17:51'),
(18, 'Hotel Chick Chick', 'Muxico Leste', 'Hotel', 'defoute.jpg', 3, 41843.00, 'Wi-Fi,Estacionamento,Café da manhã', 1, '2025-05-02 21:17:51', '2025-05-02 21:17:51'),
(19, 'Hotel Chick Chick', 'Namibe', 'Hotel', 'defoute.jpg', 3, 69870.00, 'Wi-Fi,Estacionamento,Café da manhã', 1, '2025-05-02 21:17:51', '2025-05-02 21:17:51'),
(20, 'Hotel Chick Chick', 'Uíge', 'Hotel', 'defoute.jpg', 2, 20938.00, 'Wi-Fi,Estacionamento,Café da manhã', 1, '2025-05-02 21:17:51', '2025-05-02 21:17:51'),
(21, 'Hotel Chick Chick', 'Zaire', 'Hotel', 'defoute.jpg', 3, 38991.00, 'Wi-Fi,Estacionamento,Café da manhã', 1, '2025-05-02 21:17:51', '2025-05-02 21:17:51');

-- --------------------------------------------------------

--
-- Table structure for table `attraction_categories`
--

CREATE TABLE `attraction_categories` (
  `id` bigint(20) UNSIGNED NOT NULL,
  `name` varchar(255) COLLATE utf8mb4_unicode_ci NOT NULL,
  `description` text COLLATE utf8mb4_unicode_ci NOT NULL,
  `image` varchar(255) COLLATE utf8mb4_unicode_ci NOT NULL,
  `icon_class` varchar(255) COLLATE utf8mb4_unicode_ci NOT NULL,
  `created_at` timestamp NULL DEFAULT NULL,
  `updated_at` timestamp NULL DEFAULT NULL
) ENGINE=InnoDB DEFAULT CHARSET=utf8mb4 COLLATE=utf8mb4_unicode_ci;

-- --------------------------------------------------------

--
-- Table structure for table `blog_posts`
--

CREATE TABLE `blog_posts` (
  `id` bigint(20) UNSIGNED NOT NULL,
  `title` varchar(255) COLLATE utf8mb4_unicode_ci NOT NULL,
  `excerpt` text COLLATE utf8mb4_unicode_ci NOT NULL,
  `content` text COLLATE utf8mb4_unicode_ci NOT NULL,
  `featured_image` varchar(255) COLLATE utf8mb4_unicode_ci NOT NULL,
  `author` varchar(255) COLLATE utf8mb4_unicode_ci NOT NULL,
  `comment_count` int(11) NOT NULL DEFAULT 0,
  `created_at` timestamp NULL DEFAULT NULL,
  `updated_at` timestamp NULL DEFAULT NULL
) ENGINE=InnoDB DEFAULT CHARSET=utf8mb4 COLLATE=utf8mb4_unicode_ci;

-- --------------------------------------------------------

--
-- Table structure for table `cache`
--

CREATE TABLE `cache` (
  `key` varchar(255) COLLATE utf8mb4_unicode_ci NOT NULL,
  `value` mediumtext COLLATE utf8mb4_unicode_ci NOT NULL,
  `expiration` int(11) NOT NULL
) ENGINE=InnoDB DEFAULT CHARSET=utf8mb4 COLLATE=utf8mb4_unicode_ci;

-- --------------------------------------------------------

--
-- Table structure for table `cache_locks`
--

CREATE TABLE `cache_locks` (
  `key` varchar(255) COLLATE utf8mb4_unicode_ci NOT NULL,
  `owner` varchar(255) COLLATE utf8mb4_unicode_ci NOT NULL,
  `expiration` int(11) NOT NULL
) ENGINE=InnoDB DEFAULT CHARSET=utf8mb4 COLLATE=utf8mb4_unicode_ci;

-- --------------------------------------------------------

--
-- Table structure for table `contact_information`
--

CREATE TABLE `contact_information` (
  `id` bigint(20) UNSIGNED NOT NULL,
  `address` text COLLATE utf8mb4_unicode_ci NOT NULL,
  `phone` varchar(255) COLLATE utf8mb4_unicode_ci NOT NULL,
  `email` varchar(255) COLLATE utf8mb4_unicode_ci NOT NULL,
  `website` varchar(255) COLLATE utf8mb4_unicode_ci NOT NULL,
  `created_at` timestamp NULL DEFAULT NULL,
  `updated_at` timestamp NULL DEFAULT NULL
) ENGINE=InnoDB DEFAULT CHARSET=utf8mb4 COLLATE=utf8mb4_unicode_ci;

-- --------------------------------------------------------

--
-- Table structure for table `destinations`
--

CREATE TABLE `destinations` (
  `id` bigint(20) UNSIGNED NOT NULL,
  `name` varchar(255) COLLATE utf8mb4_unicode_ci NOT NULL,
  `location` varchar(255) COLLATE utf8mb4_unicode_ci NOT NULL,
  `short_description` text COLLATE utf8mb4_unicode_ci NOT NULL,
  `main_image` varchar(255) COLLATE utf8mb4_unicode_ci NOT NULL,
  `rating` int(11) NOT NULL DEFAULT 0,
  `price_from` decimal(10,2) NOT NULL,
  `featured` tinyint(1) NOT NULL DEFAULT 0,
  `created_at` timestamp NULL DEFAULT NULL,
  `updated_at` timestamp NULL DEFAULT NULL
) ENGINE=InnoDB DEFAULT CHARSET=utf8mb4 COLLATE=utf8mb4_unicode_ci;

-- --------------------------------------------------------

--
-- Table structure for table `failed_jobs`
--

CREATE TABLE `failed_jobs` (
  `id` bigint(20) UNSIGNED NOT NULL,
  `uuid` varchar(255) COLLATE utf8mb4_unicode_ci NOT NULL,
  `connection` text COLLATE utf8mb4_unicode_ci NOT NULL,
  `queue` text COLLATE utf8mb4_unicode_ci NOT NULL,
  `payload` longtext COLLATE utf8mb4_unicode_ci NOT NULL,
  `exception` longtext COLLATE utf8mb4_unicode_ci NOT NULL,
  `failed_at` timestamp NOT NULL DEFAULT current_timestamp()
) ENGINE=InnoDB DEFAULT CHARSET=utf8mb4 COLLATE=utf8mb4_unicode_ci;

-- --------------------------------------------------------

--
-- Table structure for table `jobs`
--

CREATE TABLE `jobs` (
  `id` bigint(20) UNSIGNED NOT NULL,
  `queue` varchar(255) COLLATE utf8mb4_unicode_ci NOT NULL,
  `payload` longtext COLLATE utf8mb4_unicode_ci NOT NULL,
  `attempts` tinyint(3) UNSIGNED NOT NULL,
  `reserved_at` int(10) UNSIGNED DEFAULT NULL,
  `available_at` int(10) UNSIGNED NOT NULL,
  `created_at` int(10) UNSIGNED NOT NULL
) ENGINE=InnoDB DEFAULT CHARSET=utf8mb4 COLLATE=utf8mb4_unicode_ci;

-- --------------------------------------------------------

--
-- Table structure for table `job_batches`
--

CREATE TABLE `job_batches` (
  `id` varchar(255) COLLATE utf8mb4_unicode_ci NOT NULL,
  `name` varchar(255) COLLATE utf8mb4_unicode_ci NOT NULL,
  `total_jobs` int(11) NOT NULL,
  `pending_jobs` int(11) NOT NULL,
  `failed_jobs` int(11) NOT NULL,
  `failed_job_ids` longtext COLLATE utf8mb4_unicode_ci NOT NULL,
  `options` mediumtext COLLATE utf8mb4_unicode_ci DEFAULT NULL,
  `cancelled_at` int(11) DEFAULT NULL,
  `created_at` int(11) NOT NULL,
  `finished_at` int(11) DEFAULT NULL
) ENGINE=InnoDB DEFAULT CHARSET=utf8mb4 COLLATE=utf8mb4_unicode_ci;

-- --------------------------------------------------------

--
-- Table structure for table `migrations`
--

CREATE TABLE `migrations` (
  `id` int(10) UNSIGNED NOT NULL,
  `migration` varchar(255) COLLATE utf8mb4_unicode_ci NOT NULL,
  `batch` int(11) NOT NULL
) ENGINE=InnoDB DEFAULT CHARSET=utf8mb4 COLLATE=utf8mb4_unicode_ci;

--
-- Dumping data for table `migrations`
--

INSERT INTO `migrations` (`id`, `migration`, `batch`) VALUES
(1, '0001_01_01_000000_create_users_table', 1),
(2, '0001_01_01_000001_create_cache_table', 1),
(3, '0001_01_01_000002_create_jobs_table', 1),
(4, '2025_04_19_080125_create_provincias_table', 2),
(5, '2025_04_19_093838_create_ponto_turisticos_table', 3),
(6, '2025_04_19_094939_create_rotas_table', 3),
(7, '2025_04_21_073249_create_transportadoras_table', 4),
(8, '2025_04_21_073351_create_preco_rotas_table', 4),
(9, '2025_05_02_081415_create_attraction_categories_table', 5),
(10, '2025_05_02_195421_create_destinations_table', 5),
(11, '2025_05_02_195533_create_accommodations_table', 5),
(12, '2025_05_02_195604_create_blog_posts_table', 5),
(13, '2025_05_02_195636_create_contact_information_table', 5);

-- --------------------------------------------------------

--
-- Table structure for table `password_reset_tokens`
--

CREATE TABLE `password_reset_tokens` (
  `email` varchar(255) COLLATE utf8mb4_unicode_ci NOT NULL,
  `token` varchar(255) COLLATE utf8mb4_unicode_ci NOT NULL,
  `created_at` timestamp NULL DEFAULT NULL
) ENGINE=InnoDB DEFAULT CHARSET=utf8mb4 COLLATE=utf8mb4_unicode_ci;

-- --------------------------------------------------------

--
-- Table structure for table `ponto_turisticos`
--

CREATE TABLE `ponto_turisticos` (
  `id` bigint(20) UNSIGNED NOT NULL,
  `nome` varchar(100) COLLATE utf8mb4_unicode_ci NOT NULL,
  `province_id` bigint(20) NOT NULL,
  `endereco` varchar(100) COLLATE utf8mb4_unicode_ci NOT NULL,
  `created_at` timestamp NULL DEFAULT NULL,
  `updated_at` timestamp NULL DEFAULT NULL
) ENGINE=InnoDB DEFAULT CHARSET=utf8mb4 COLLATE=utf8mb4_unicode_ci;

-- --------------------------------------------------------

--
-- Table structure for table `preco_rotas`
--

CREATE TABLE `preco_rotas` (
  `id` bigint(20) UNSIGNED NOT NULL,
  `rota_id` bigint(20) NOT NULL,
  `transportadora_id` bigint(20) NOT NULL,
  `preco` decimal(10,2) NOT NULL,
  `created_at` timestamp NULL DEFAULT NULL,
  `updated_at` timestamp NULL DEFAULT NULL
) ENGINE=InnoDB DEFAULT CHARSET=utf8mb4 COLLATE=utf8mb4_unicode_ci;

--
-- Dumping data for table `preco_rotas`
--

INSERT INTO `preco_rotas` (`id`, `rota_id`, `transportadora_id`, `preco`, `created_at`, `updated_at`) VALUES
(3, 4, 1, 31827.84, '2025-05-01 05:35:32', '2025-05-01 05:35:32'),
(4, 5, 1, 28665.60, '2025-05-01 05:35:32', '2025-05-01 05:35:32'),
(5, 6, 1, 15844.52, '2025-05-01 05:35:32', '2025-05-01 05:35:32'),
(11, 12, 1, 17140.00, '2025-05-01 05:35:32', '2025-05-01 05:35:32'),
(12, 13, 1, 9737.27, '2025-05-01 05:35:32', '2025-05-01 05:35:32'),
(13, 14, 1, 15266.36, '2025-05-01 05:35:32', '2025-05-01 05:35:32'),
(14, 15, 1, 15119.97, '2025-05-01 05:35:32', '2025-05-01 05:35:32'),
(15, 16, 1, 22800.77, '2025-05-01 05:35:32', '2025-05-01 05:35:32'),
(16, 17, 1, 11643.95, '2025-05-01 05:35:32', '2025-05-01 05:35:32'),
(18, 19, 1, 22155.28, '2025-05-01 05:35:32', '2025-05-01 05:35:32'),
(19, 20, 1, 30324.13, '2025-05-01 05:35:32', '2025-05-01 05:35:32'),
(58, 81, 1, 21433.69, '2025-05-01 05:35:32', '2025-05-01 05:35:32'),
(61, 85, 1, 12653.90, '2025-05-01 05:35:32', '2025-05-01 05:35:32'),
(62, 86, 1, 22791.42, '2025-05-01 05:35:32', '2025-05-01 05:35:32'),
(68, 92, 1, 17845.28, '2025-05-01 05:35:32', '2025-05-01 05:35:32'),
(69, 93, 1, 19525.19, '2025-05-01 05:35:32', '2025-05-01 05:35:32'),
(70, 94, 1, 12090.12, '2025-05-01 05:35:32', '2025-05-01 05:35:32'),
(71, 95, 1, 19875.04, '2025-05-01 05:35:32', '2025-05-01 05:35:32'),
(72, 96, 1, 31104.85, '2025-05-01 05:35:32', '2025-05-01 05:35:32'),
(73, 97, 1, 13899.12, '2025-05-01 05:35:32', '2025-05-01 05:35:32'),
(75, 99, 1, 22207.89, '2025-05-01 05:35:32', '2025-05-01 05:35:32'),
(76, 100, 1, 21496.29, '2025-05-01 05:35:32', '2025-05-01 05:35:32'),
(77, 101, 1, 8857.77, '2025-05-01 05:35:32', '2025-05-01 05:35:32'),
(80, 105, 1, 26733.22, '2025-05-01 05:35:32', '2025-05-01 05:35:32'),
(81, 106, 1, 10386.19, '2025-05-01 05:35:32', '2025-05-01 05:35:32'),
(87, 112, 1, 9235.07, '2025-05-01 05:35:32', '2025-05-01 05:35:32'),
(88, 113, 1, 27061.16, '2025-05-01 05:35:32', '2025-05-01 05:35:32'),
(89, 114, 1, 25600.59, '2025-05-01 05:35:32', '2025-05-01 05:35:32'),
(90, 115, 1, 14819.47, '2025-05-01 05:35:32', '2025-05-01 05:35:32'),
(91, 116, 1, 15295.59, '2025-05-01 05:35:32', '2025-05-01 05:35:32'),
(92, 117, 1, 25019.53, '2025-05-01 05:35:32', '2025-05-01 05:35:32'),
(94, 119, 1, 28995.83, '2025-05-01 05:35:32', '2025-05-01 05:35:32'),
(95, 120, 1, 21346.51, '2025-05-01 05:35:32', '2025-05-01 05:35:32'),
(96, 121, 1, 12745.04, '2025-05-01 05:35:32', '2025-05-01 05:35:32'),
(99, 125, 1, 30909.41, '2025-05-01 05:35:32', '2025-05-01 05:35:32'),
(100, 126, 1, 17967.18, '2025-05-01 05:35:32', '2025-05-01 05:35:32'),
(106, 132, 1, 19758.66, '2025-05-01 05:35:32', '2025-05-01 05:35:32'),
(107, 133, 1, 24628.56, '2025-05-01 05:35:32', '2025-05-01 05:35:32'),
(108, 134, 1, 31866.80, '2025-05-01 05:35:32', '2025-05-01 05:35:32'),
(109, 135, 1, 28448.36, '2025-05-01 05:35:32', '2025-05-01 05:35:32'),
(110, 136, 1, 14641.36, '2025-05-01 05:35:32', '2025-05-01 05:35:32'),
(111, 137, 1, 30861.75, '2025-05-01 05:35:32', '2025-05-01 05:35:32'),
(113, 139, 1, 17338.06, '2025-05-01 05:35:32', '2025-05-01 05:35:32'),
(114, 140, 1, 19536.31, '2025-05-01 05:35:32', '2025-05-01 05:35:32'),
(210, 241, 1, 31877.75, '2025-05-01 05:35:32', '2025-05-01 05:35:32'),
(213, 245, 1, 12699.82, '2025-05-01 05:35:32', '2025-05-01 05:35:32'),
(214, 246, 1, 12444.70, '2025-05-01 05:35:32', '2025-05-01 05:35:32'),
(215, 247, 1, 17124.04, '2025-05-01 05:35:32', '2025-05-01 05:35:32'),
(221, 253, 1, 28351.37, '2025-05-01 05:35:32', '2025-05-01 05:35:32'),
(222, 254, 1, 25757.68, '2025-05-01 05:35:32', '2025-05-01 05:35:32'),
(223, 255, 1, 11734.30, '2025-05-01 05:35:32', '2025-05-01 05:35:32'),
(224, 256, 1, 24398.47, '2025-05-01 05:35:32', '2025-05-01 05:35:32'),
(225, 257, 1, 29789.42, '2025-05-01 05:35:32', '2025-05-01 05:35:32'),
(227, 259, 1, 22390.33, '2025-05-01 05:35:32', '2025-05-01 05:35:32'),
(228, 260, 1, 23696.47, '2025-05-01 05:35:32', '2025-05-01 05:35:32'),
(229, 261, 1, 19311.38, '2025-05-01 05:35:32', '2025-05-01 05:35:32'),
(232, 265, 1, 24614.28, '2025-05-01 05:35:32', '2025-05-01 05:35:32'),
(233, 266, 1, 8861.35, '2025-05-01 05:35:32', '2025-05-01 05:35:32'),
(234, 267, 1, 13463.90, '2025-05-01 05:35:32', '2025-05-01 05:35:32'),
(240, 273, 1, 30167.92, '2025-05-01 05:35:32', '2025-05-01 05:35:32'),
(241, 274, 1, 20090.03, '2025-05-01 05:35:32', '2025-05-01 05:35:32'),
(242, 275, 1, 27946.40, '2025-05-01 05:35:32', '2025-05-01 05:35:32'),
(243, 276, 1, 22461.92, '2025-05-01 05:35:32', '2025-05-01 05:35:32'),
(244, 277, 1, 21470.40, '2025-05-01 05:35:32', '2025-05-01 05:35:32'),
(246, 279, 1, 18420.04, '2025-05-01 05:35:32', '2025-05-01 05:35:32'),
(247, 280, 1, 11201.45, '2025-05-01 05:35:32', '2025-05-01 05:35:32'),
(248, 281, 1, 18747.15, '2025-05-01 05:35:32', '2025-05-01 05:35:32'),
(251, 285, 1, 20683.06, '2025-05-01 05:35:32', '2025-05-01 05:35:32'),
(252, 286, 1, 14168.99, '2025-05-01 05:35:32', '2025-05-01 05:35:32'),
(253, 287, 1, 26795.77, '2025-05-01 05:35:32', '2025-05-01 05:35:32'),
(259, 293, 1, 18109.96, '2025-05-01 05:35:32', '2025-05-01 05:35:32'),
(260, 294, 1, 29928.74, '2025-05-01 05:35:32', '2025-05-01 05:35:32'),
(261, 295, 1, 13313.85, '2025-05-01 05:35:32', '2025-05-01 05:35:32'),
(262, 296, 1, 19783.02, '2025-05-01 05:35:32', '2025-05-01 05:35:32'),
(263, 297, 1, 26973.53, '2025-05-01 05:35:32', '2025-05-01 05:35:32'),
(265, 299, 1, 29672.43, '2025-05-01 05:35:32', '2025-05-01 05:35:32'),
(266, 300, 1, 10806.34, '2025-05-01 05:35:32', '2025-05-01 05:35:32'),
(267, 301, 1, 8014.41, '2025-05-01 05:35:32', '2025-05-01 05:35:32'),
(270, 305, 1, 27150.58, '2025-05-01 05:35:32', '2025-05-01 05:35:32'),
(271, 306, 1, 12087.11, '2025-05-01 05:35:32', '2025-05-01 05:35:32'),
(272, 307, 1, 21983.78, '2025-05-01 05:35:32', '2025-05-01 05:35:32'),
(278, 313, 1, 19275.14, '2025-05-01 05:35:32', '2025-05-01 05:35:32'),
(279, 314, 1, 29634.36, '2025-05-01 05:35:32', '2025-05-01 05:35:32'),
(280, 315, 1, 8346.39, '2025-05-01 05:35:32', '2025-05-01 05:35:32'),
(281, 316, 1, 20828.87, '2025-05-01 05:35:32', '2025-05-01 05:35:32'),
(282, 317, 1, 22105.16, '2025-05-01 05:35:32', '2025-05-01 05:35:32'),
(284, 319, 1, 31880.53, '2025-05-01 05:35:32', '2025-05-01 05:35:32'),
(285, 320, 1, 29285.05, '2025-05-01 05:35:32', '2025-05-01 05:35:32'),
(286, 321, 1, 18783.66, '2025-05-01 05:35:32', '2025-05-01 05:35:32'),
(289, 325, 1, 30634.20, '2025-05-01 05:35:32', '2025-05-01 05:35:32'),
(290, 326, 1, 25276.81, '2025-05-01 05:35:32', '2025-05-01 05:35:32'),
(291, 327, 1, 27481.47, '2025-05-01 05:35:32', '2025-05-01 05:35:32'),
(297, 333, 1, 11583.09, '2025-05-01 05:35:32', '2025-05-01 05:35:32'),
(298, 334, 1, 14714.07, '2025-05-01 05:35:32', '2025-05-01 05:35:32'),
(299, 335, 1, 31821.09, '2025-05-01 05:35:32', '2025-05-01 05:35:32'),
(300, 336, 1, 7963.23, '2025-05-01 05:35:32', '2025-05-01 05:35:32'),
(301, 337, 1, 12352.87, '2025-05-01 05:35:32', '2025-05-01 05:35:32'),
(303, 339, 1, 10314.76, '2025-05-01 05:35:32', '2025-05-01 05:35:32'),
(304, 340, 1, 26949.77, '2025-05-01 05:35:32', '2025-05-01 05:35:32'),
(305, 341, 1, 21804.56, '2025-05-01 05:35:32', '2025-05-01 05:35:32'),
(308, 345, 1, 21748.55, '2025-05-01 05:35:32', '2025-05-01 05:35:32'),
(309, 346, 1, 26381.33, '2025-05-01 05:35:32', '2025-05-01 05:35:32'),
(310, 347, 1, 9660.99, '2025-05-01 05:35:32', '2025-05-01 05:35:32'),
(316, 353, 1, 25267.51, '2025-05-01 05:35:32', '2025-05-01 05:35:32'),
(317, 354, 1, 15977.26, '2025-05-01 05:35:32', '2025-05-01 05:35:32'),
(318, 355, 1, 22083.80, '2025-05-01 05:35:32', '2025-05-01 05:35:32'),
(319, 356, 1, 30487.19, '2025-05-01 05:35:32', '2025-05-01 05:35:32'),
(320, 357, 1, 29184.57, '2025-05-01 05:35:32', '2025-05-01 05:35:32'),
(322, 359, 1, 17752.69, '2025-05-01 05:35:32', '2025-05-01 05:35:32'),
(323, 360, 1, 14379.62, '2025-05-01 05:35:32', '2025-05-01 05:35:32'),
(343, 381, 1, 11764.51, '2025-05-01 05:35:32', '2025-05-01 05:35:32'),
(346, 385, 1, 17037.27, '2025-05-01 05:35:32', '2025-05-01 05:35:32'),
(347, 386, 1, 21768.13, '2025-05-01 05:35:32', '2025-05-01 05:35:32'),
(348, 387, 1, 25728.84, '2025-05-01 05:35:32', '2025-05-01 05:35:32'),
(354, 393, 1, 14801.74, '2025-05-01 05:35:32', '2025-05-01 05:35:32'),
(355, 394, 1, 19204.12, '2025-05-01 05:35:32', '2025-05-01 05:35:32'),
(356, 395, 1, 19615.38, '2025-05-01 05:35:32', '2025-05-01 05:35:32'),
(357, 396, 1, 8464.56, '2025-05-01 05:35:32', '2025-05-01 05:35:32'),
(358, 397, 1, 26476.63, '2025-05-01 05:35:32', '2025-05-01 05:35:32'),
(359, 398, 1, 24989.49, '2025-05-01 05:35:32', '2025-05-01 05:35:32'),
(361, 400, 1, 10619.36, '2025-05-01 05:35:32', '2025-05-01 05:35:32'),
(362, 401, 1, 30544.12, '2025-05-01 05:35:32', '2025-05-01 05:35:32'),
(365, 405, 1, 29813.13, '2025-05-01 05:35:32', '2025-05-01 05:35:32'),
(366, 406, 1, 30025.29, '2025-05-01 05:35:32', '2025-05-01 05:35:32'),
(367, 407, 1, 28687.06, '2025-05-01 05:35:32', '2025-05-01 05:35:32'),
(373, 413, 1, 19577.29, '2025-05-01 05:35:32', '2025-05-01 05:35:32'),
(374, 414, 1, 18299.96, '2025-05-01 05:35:32', '2025-05-01 05:35:32'),
(375, 415, 1, 25767.93, '2025-05-01 05:35:32', '2025-05-01 05:35:32'),
(376, 416, 1, 16939.79, '2025-05-01 05:35:32', '2025-05-01 05:35:32'),
(377, 417, 1, 25395.15, '2025-05-01 05:35:32', '2025-05-01 05:35:32'),
(378, 418, 1, 19156.37, '2025-05-01 05:35:32', '2025-05-01 05:35:32'),
(380, 420, 1, 23512.96, '2025-05-01 05:35:32', '2025-05-01 05:35:32'),
(1023, 1, 3, 23437.42, '2025-05-01 05:47:35', '2025-05-01 05:47:35'),
(1024, 2, 3, 12861.15, '2025-05-01 05:47:35', '2025-05-01 05:47:35'),
(1025, 7, 3, 11993.47, '2025-05-01 05:47:35', '2025-05-01 05:47:35'),
(1026, 8, 3, 14383.93, '2025-05-01 05:47:35', '2025-05-01 05:47:35'),
(1027, 9, 3, 28939.22, '2025-05-01 05:47:35', '2025-05-01 05:47:35'),
(1028, 10, 3, 19544.29, '2025-05-01 05:47:35', '2025-05-01 05:47:35'),
(1029, 11, 3, 28903.83, '2025-05-01 05:47:35', '2025-05-01 05:47:35'),
(1030, 18, 3, 28886.25, '2025-05-01 05:47:35', '2025-05-01 05:47:35'),
(1031, 21, 3, 25719.77, '2025-05-01 05:47:35', '2025-05-01 05:47:35'),
(1032, 22, 3, 9940.09, '2025-05-01 05:47:35', '2025-05-01 05:47:35'),
(1033, 23, 3, 15541.15, '2025-05-01 05:47:35', '2025-05-01 05:47:35'),
(1034, 24, 3, 15885.49, '2025-05-01 05:47:35', '2025-05-01 05:47:35'),
(1035, 25, 3, 25804.01, '2025-05-01 05:47:35', '2025-05-01 05:47:35'),
(1036, 26, 3, 24363.58, '2025-05-01 05:47:35', '2025-05-01 05:47:35'),
(1037, 27, 3, 12405.85, '2025-05-01 05:47:35', '2025-05-01 05:47:35'),
(1038, 28, 3, 31938.52, '2025-05-01 05:47:35', '2025-05-01 05:47:35'),
(1039, 29, 3, 15475.04, '2025-05-01 05:47:35', '2025-05-01 05:47:35'),
(1040, 30, 3, 24559.65, '2025-05-01 05:47:35', '2025-05-01 05:47:35'),
(1041, 31, 3, 19373.12, '2025-05-01 05:47:35', '2025-05-01 05:47:35'),
(1042, 32, 3, 16186.65, '2025-05-01 05:47:35', '2025-05-01 05:47:35'),
(1043, 33, 3, 15813.89, '2025-05-01 05:47:35', '2025-05-01 05:47:35'),
(1044, 34, 3, 23509.49, '2025-05-01 05:47:35', '2025-05-01 05:47:35'),
(1045, 35, 3, 13105.80, '2025-05-01 05:47:35', '2025-05-01 05:47:35'),
(1046, 36, 3, 13000.54, '2025-05-01 05:47:35', '2025-05-01 05:47:35'),
(1047, 37, 3, 18685.29, '2025-05-01 05:47:35', '2025-05-01 05:47:35'),
(1048, 38, 3, 22424.82, '2025-05-01 05:47:35', '2025-05-01 05:47:35'),
(1049, 39, 3, 24068.24, '2025-05-01 05:47:35', '2025-05-01 05:47:35'),
(1050, 40, 3, 21066.75, '2025-05-01 05:47:35', '2025-05-01 05:47:35'),
(1051, 41, 3, 26129.02, '2025-05-01 05:47:35', '2025-05-01 05:47:35'),
(1052, 42, 3, 10444.86, '2025-05-01 05:47:35', '2025-05-01 05:47:35'),
(1053, 43, 3, 16837.24, '2025-05-01 05:47:35', '2025-05-01 05:47:35'),
(1054, 44, 3, 20851.61, '2025-05-01 05:47:35', '2025-05-01 05:47:35'),
(1055, 45, 3, 21746.32, '2025-05-01 05:47:35', '2025-05-01 05:47:35'),
(1056, 46, 3, 14176.79, '2025-05-01 05:47:35', '2025-05-01 05:47:35'),
(1057, 47, 3, 23644.97, '2025-05-01 05:47:35', '2025-05-01 05:47:35'),
(1058, 48, 3, 18694.49, '2025-05-01 05:47:35', '2025-05-01 05:47:35'),
(1059, 49, 3, 15537.56, '2025-05-01 05:47:35', '2025-05-01 05:47:35'),
(1060, 50, 3, 14604.32, '2025-05-01 05:47:35', '2025-05-01 05:47:35'),
(1061, 51, 3, 19408.92, '2025-05-01 05:47:35', '2025-05-01 05:47:35'),
(1062, 52, 3, 21231.63, '2025-05-01 05:47:35', '2025-05-01 05:47:35'),
(1063, 53, 3, 15931.40, '2025-05-01 05:47:35', '2025-05-01 05:47:35'),
(1064, 54, 3, 8962.11, '2025-05-01 05:47:35', '2025-05-01 05:47:35'),
(1065, 55, 3, 15016.36, '2025-05-01 05:47:35', '2025-05-01 05:47:35'),
(1066, 56, 3, 16195.46, '2025-05-01 05:47:35', '2025-05-01 05:47:35'),
(1067, 57, 3, 28928.23, '2025-05-01 05:47:35', '2025-05-01 05:47:35'),
(1068, 58, 3, 14054.76, '2025-05-01 05:47:35', '2025-05-01 05:47:35'),
(1069, 59, 3, 26489.13, '2025-05-01 05:47:35', '2025-05-01 05:47:35'),
(1070, 60, 3, 8281.35, '2025-05-01 05:47:35', '2025-05-01 05:47:35'),
(1071, 62, 3, 29939.38, '2025-05-01 05:47:35', '2025-05-01 05:47:35'),
(1072, 63, 3, 17852.85, '2025-05-01 05:47:35', '2025-05-01 05:47:35'),
(1073, 67, 3, 17446.11, '2025-05-01 05:47:35', '2025-05-01 05:47:35'),
(1074, 68, 3, 26671.98, '2025-05-01 05:47:35', '2025-05-01 05:47:35'),
(1075, 69, 3, 24021.59, '2025-05-01 05:47:35', '2025-05-01 05:47:35'),
(1076, 70, 3, 8092.02, '2025-05-01 05:47:35', '2025-05-01 05:47:35'),
(1077, 71, 3, 11395.34, '2025-05-01 05:47:35', '2025-05-01 05:47:35'),
(1078, 78, 3, 25700.63, '2025-05-01 05:47:35', '2025-05-01 05:47:35'),
(1079, 82, 3, 12317.12, '2025-05-01 05:47:35', '2025-05-01 05:47:35'),
(1080, 83, 3, 27483.72, '2025-05-01 05:47:35', '2025-05-01 05:47:35'),
(1081, 87, 3, 18467.23, '2025-05-01 05:47:35', '2025-05-01 05:47:35'),
(1082, 88, 3, 27885.00, '2025-05-01 05:47:35', '2025-05-01 05:47:35'),
(1083, 89, 3, 27023.29, '2025-05-01 05:47:35', '2025-05-01 05:47:35'),
(1084, 90, 3, 19461.48, '2025-05-01 05:47:35', '2025-05-01 05:47:35'),
(1085, 91, 3, 9237.54, '2025-05-01 05:47:35', '2025-05-01 05:47:35'),
(1086, 98, 3, 30803.23, '2025-05-01 05:47:35', '2025-05-01 05:47:35'),
(1087, 102, 3, 19303.53, '2025-05-01 05:47:35', '2025-05-01 05:47:35'),
(1088, 103, 3, 22107.96, '2025-05-01 05:47:35', '2025-05-01 05:47:35'),
(1089, 107, 3, 20629.23, '2025-05-01 05:47:35', '2025-05-01 05:47:35'),
(1090, 108, 3, 29822.24, '2025-05-01 05:47:35', '2025-05-01 05:47:35'),
(1091, 109, 3, 30223.54, '2025-05-01 05:47:35', '2025-05-01 05:47:35'),
(1092, 110, 3, 29650.97, '2025-05-01 05:47:35', '2025-05-01 05:47:35'),
(1093, 111, 3, 25584.21, '2025-05-01 05:47:35', '2025-05-01 05:47:35'),
(1094, 118, 3, 31968.17, '2025-05-01 05:47:35', '2025-05-01 05:47:35'),
(1095, 122, 3, 26088.22, '2025-05-01 05:47:35', '2025-05-01 05:47:35'),
(1096, 123, 3, 27536.59, '2025-05-01 05:47:35', '2025-05-01 05:47:35'),
(1097, 127, 3, 27418.28, '2025-05-01 05:47:35', '2025-05-01 05:47:35'),
(1098, 128, 3, 22481.64, '2025-05-01 05:47:35', '2025-05-01 05:47:35'),
(1099, 129, 3, 23153.38, '2025-05-01 05:47:35', '2025-05-01 05:47:35'),
(1100, 130, 3, 16321.96, '2025-05-01 05:47:35', '2025-05-01 05:47:35'),
(1101, 131, 3, 30149.67, '2025-05-01 05:47:35', '2025-05-01 05:47:35'),
(1102, 138, 3, 19782.47, '2025-05-01 05:47:35', '2025-05-01 05:47:35'),
(1103, 141, 3, 26463.35, '2025-05-01 05:47:35', '2025-05-01 05:47:35'),
(1104, 142, 3, 15969.34, '2025-05-01 05:47:35', '2025-05-01 05:47:35'),
(1105, 143, 3, 18456.63, '2025-05-01 05:47:35', '2025-05-01 05:47:35'),
(1106, 144, 3, 12375.16, '2025-05-01 05:47:35', '2025-05-01 05:47:35'),
(1107, 145, 3, 24505.89, '2025-05-01 05:47:35', '2025-05-01 05:47:35'),
(1108, 146, 3, 28403.99, '2025-05-01 05:47:35', '2025-05-01 05:47:35'),
(1109, 147, 3, 11502.28, '2025-05-01 05:47:35', '2025-05-01 05:47:35'),
(1110, 148, 3, 15299.42, '2025-05-01 05:47:35', '2025-05-01 05:47:35'),
(1111, 149, 3, 9990.25, '2025-05-01 05:47:35', '2025-05-01 05:47:35'),
(1112, 150, 3, 22053.01, '2025-05-01 05:47:35', '2025-05-01 05:47:35'),
(1113, 151, 3, 23294.31, '2025-05-01 05:47:35', '2025-05-01 05:47:35'),
(1114, 152, 3, 18312.50, '2025-05-01 05:47:35', '2025-05-01 05:47:35'),
(1115, 153, 3, 14679.59, '2025-05-01 05:47:35', '2025-05-01 05:47:35'),
(1116, 154, 3, 11460.45, '2025-05-01 05:47:35', '2025-05-01 05:47:35'),
(1117, 155, 3, 31263.48, '2025-05-01 05:47:35', '2025-05-01 05:47:35'),
(1118, 156, 3, 14936.03, '2025-05-01 05:47:35', '2025-05-01 05:47:35'),
(1119, 157, 3, 23889.73, '2025-05-01 05:47:35', '2025-05-01 05:47:35'),
(1120, 158, 3, 17640.55, '2025-05-01 05:47:35', '2025-05-01 05:47:35'),
(1121, 159, 3, 9533.58, '2025-05-01 05:47:35', '2025-05-01 05:47:35'),
(1122, 160, 3, 12746.25, '2025-05-01 05:47:35', '2025-05-01 05:47:35'),
(1123, 161, 3, 28130.50, '2025-05-01 05:47:35', '2025-05-01 05:47:35'),
(1124, 162, 3, 20413.76, '2025-05-01 05:47:35', '2025-05-01 05:47:35'),
(1125, 163, 3, 10677.30, '2025-05-01 05:47:35', '2025-05-01 05:47:35'),
(1126, 164, 3, 10145.22, '2025-05-01 05:47:35', '2025-05-01 05:47:35'),
(1127, 165, 3, 11694.20, '2025-05-01 05:47:35', '2025-05-01 05:47:35'),
(1128, 166, 3, 21035.34, '2025-05-01 05:47:35', '2025-05-01 05:47:35'),
(1129, 167, 3, 13094.08, '2025-05-01 05:47:35', '2025-05-01 05:47:35'),
(1130, 168, 3, 20364.39, '2025-05-01 05:47:35', '2025-05-01 05:47:35'),
(1131, 169, 3, 30539.73, '2025-05-01 05:47:35', '2025-05-01 05:47:35'),
(1132, 170, 3, 9605.48, '2025-05-01 05:47:35', '2025-05-01 05:47:35'),
(1133, 171, 3, 24408.20, '2025-05-01 05:47:35', '2025-05-01 05:47:35'),
(1134, 172, 3, 11224.56, '2025-05-01 05:47:35', '2025-05-01 05:47:35'),
(1135, 173, 3, 25898.20, '2025-05-01 05:47:35', '2025-05-01 05:47:35'),
(1136, 174, 3, 13817.33, '2025-05-01 05:47:35', '2025-05-01 05:47:35'),
(1137, 175, 3, 9392.04, '2025-05-01 05:47:35', '2025-05-01 05:47:35'),
(1138, 176, 3, 23508.22, '2025-05-01 05:47:35', '2025-05-01 05:47:35'),
(1139, 177, 3, 7364.99, '2025-05-01 05:47:35', '2025-05-01 05:47:35'),
(1140, 178, 3, 9300.29, '2025-05-01 05:47:35', '2025-05-01 05:47:35'),
(1141, 179, 3, 17406.47, '2025-05-01 05:47:35', '2025-05-01 05:47:35'),
(1142, 180, 3, 27131.50, '2025-05-01 05:47:35', '2025-05-01 05:47:35'),
(1143, 181, 3, 26438.09, '2025-05-01 05:47:35', '2025-05-01 05:47:35'),
(1144, 182, 3, 18795.96, '2025-05-01 05:47:35', '2025-05-01 05:47:35'),
(1145, 183, 3, 7665.50, '2025-05-01 05:47:35', '2025-05-01 05:47:35'),
(1146, 184, 3, 24939.66, '2025-05-01 05:47:35', '2025-05-01 05:47:35'),
(1147, 185, 3, 19701.76, '2025-05-01 05:47:35', '2025-05-01 05:47:35'),
(1148, 186, 3, 16689.85, '2025-05-01 05:47:35', '2025-05-01 05:47:35'),
(1149, 187, 3, 17343.95, '2025-05-01 05:47:35', '2025-05-01 05:47:35'),
(1150, 188, 3, 29650.22, '2025-05-01 05:47:35', '2025-05-01 05:47:35'),
(1151, 189, 3, 14219.23, '2025-05-01 05:47:35', '2025-05-01 05:47:35'),
(1152, 190, 3, 25145.50, '2025-05-01 05:47:35', '2025-05-01 05:47:35'),
(1153, 191, 3, 26069.79, '2025-05-01 05:47:35', '2025-05-01 05:47:35'),
(1154, 192, 3, 22912.48, '2025-05-01 05:47:35', '2025-05-01 05:47:35'),
(1155, 193, 3, 29353.00, '2025-05-01 05:47:35', '2025-05-01 05:47:35'),
(1156, 194, 3, 21027.58, '2025-05-01 05:47:35', '2025-05-01 05:47:35'),
(1157, 195, 3, 10078.89, '2025-05-01 05:47:35', '2025-05-01 05:47:35'),
(1158, 196, 3, 30311.72, '2025-05-01 05:47:35', '2025-05-01 05:47:35'),
(1159, 197, 3, 14321.94, '2025-05-01 05:47:35', '2025-05-01 05:47:35'),
(1160, 198, 3, 23674.51, '2025-05-01 05:47:35', '2025-05-01 05:47:35'),
(1161, 199, 3, 18406.76, '2025-05-01 05:47:35', '2025-05-01 05:47:35'),
(1162, 200, 3, 14010.27, '2025-05-01 05:47:35', '2025-05-01 05:47:35'),
(1163, 201, 3, 7831.07, '2025-05-01 05:47:35', '2025-05-01 05:47:35'),
(1164, 202, 3, 15124.52, '2025-05-01 05:47:35', '2025-05-01 05:47:35'),
(1165, 203, 3, 20129.40, '2025-05-01 05:47:35', '2025-05-01 05:47:35'),
(1166, 204, 3, 23273.43, '2025-05-01 05:47:35', '2025-05-01 05:47:35'),
(1167, 205, 3, 23978.95, '2025-05-01 05:47:35', '2025-05-01 05:47:35'),
(1168, 206, 3, 18074.45, '2025-05-01 05:47:35', '2025-05-01 05:47:35'),
(1169, 207, 3, 11435.43, '2025-05-01 05:47:35', '2025-05-01 05:47:35'),
(1170, 208, 3, 20953.78, '2025-05-01 05:47:35', '2025-05-01 05:47:35'),
(1171, 209, 3, 13462.62, '2025-05-01 05:47:35', '2025-05-01 05:47:35'),
(1172, 210, 3, 22451.75, '2025-05-01 05:47:35', '2025-05-01 05:47:35'),
(1173, 211, 3, 14870.91, '2025-05-01 05:47:35', '2025-05-01 05:47:35'),
(1174, 212, 3, 24999.28, '2025-05-01 05:47:35', '2025-05-01 05:47:35'),
(1175, 213, 3, 23383.68, '2025-05-01 05:47:35', '2025-05-01 05:47:35'),
(1176, 214, 3, 9920.54, '2025-05-01 05:47:35', '2025-05-01 05:47:35'),
(1177, 215, 3, 22451.69, '2025-05-01 05:47:35', '2025-05-01 05:47:35'),
(1178, 216, 3, 25496.80, '2025-05-01 05:47:35', '2025-05-01 05:47:35'),
(1179, 217, 3, 28128.95, '2025-05-01 05:47:35', '2025-05-01 05:47:35'),
(1180, 218, 3, 7154.33, '2025-05-01 05:47:35', '2025-05-01 05:47:35'),
(1181, 219, 3, 19384.82, '2025-05-01 05:47:35', '2025-05-01 05:47:35'),
(1182, 220, 3, 18461.11, '2025-05-01 05:47:35', '2025-05-01 05:47:35'),
(1183, 221, 3, 27151.09, '2025-05-01 05:47:35', '2025-05-01 05:47:35'),
(1184, 222, 3, 23372.11, '2025-05-01 05:47:35', '2025-05-01 05:47:35'),
(1185, 223, 3, 28407.29, '2025-05-01 05:47:35', '2025-05-01 05:47:35'),
(1186, 224, 3, 14920.12, '2025-05-01 05:47:35', '2025-05-01 05:47:35'),
(1187, 225, 3, 7378.75, '2025-05-01 05:47:35', '2025-05-01 05:47:35'),
(1188, 226, 3, 10133.37, '2025-05-01 05:47:35', '2025-05-01 05:47:35'),
(1189, 227, 3, 21530.59, '2025-05-01 05:47:35', '2025-05-01 05:47:35'),
(1190, 228, 3, 20252.87, '2025-05-01 05:47:35', '2025-05-01 05:47:35'),
(1191, 229, 3, 29672.57, '2025-05-01 05:47:35', '2025-05-01 05:47:35'),
(1192, 230, 3, 30604.23, '2025-05-01 05:47:35', '2025-05-01 05:47:35'),
(1193, 231, 3, 7003.46, '2025-05-01 05:47:35', '2025-05-01 05:47:35'),
(1194, 232, 3, 11204.60, '2025-05-01 05:47:35', '2025-05-01 05:47:35'),
(1195, 233, 3, 28012.60, '2025-05-01 05:47:35', '2025-05-01 05:47:35'),
(1196, 234, 3, 24449.23, '2025-05-01 05:47:35', '2025-05-01 05:47:35'),
(1197, 235, 3, 31208.36, '2025-05-01 05:47:35', '2025-05-01 05:47:35'),
(1198, 236, 3, 25694.08, '2025-05-01 05:47:35', '2025-05-01 05:47:35'),
(1199, 237, 3, 27845.32, '2025-05-01 05:47:35', '2025-05-01 05:47:35'),
(1200, 238, 3, 30144.37, '2025-05-01 05:47:35', '2025-05-01 05:47:35'),
(1201, 239, 3, 10185.90, '2025-05-01 05:47:35', '2025-05-01 05:47:35'),
(1202, 240, 3, 28496.38, '2025-05-01 05:47:35', '2025-05-01 05:47:35'),
(1203, 242, 3, 29924.20, '2025-05-01 05:47:35', '2025-05-01 05:47:35'),
(1204, 243, 3, 7131.86, '2025-05-01 05:47:35', '2025-05-01 05:47:35'),
(1205, 248, 3, 13886.70, '2025-05-01 05:47:35', '2025-05-01 05:47:35'),
(1206, 249, 3, 16037.91, '2025-05-01 05:47:35', '2025-05-01 05:47:35'),
(1207, 250, 3, 31529.44, '2025-05-01 05:47:35', '2025-05-01 05:47:35'),
(1208, 251, 3, 27533.50, '2025-05-01 05:47:35', '2025-05-01 05:47:35'),
(1209, 252, 3, 11079.17, '2025-05-01 05:47:35', '2025-05-01 05:47:35'),
(1210, 258, 3, 15795.36, '2025-05-01 05:47:35', '2025-05-01 05:47:35'),
(1211, 262, 3, 13739.29, '2025-05-01 05:47:35', '2025-05-01 05:47:35'),
(1212, 263, 3, 14310.38, '2025-05-01 05:47:35', '2025-05-01 05:47:35'),
(1213, 268, 3, 23334.02, '2025-05-01 05:47:35', '2025-05-01 05:47:35'),
(1214, 269, 3, 16738.98, '2025-05-01 05:47:35', '2025-05-01 05:47:35'),
(1215, 270, 3, 31692.84, '2025-05-01 05:47:35', '2025-05-01 05:47:35'),
(1216, 271, 3, 26247.24, '2025-05-01 05:47:35', '2025-05-01 05:47:35'),
(1217, 272, 3, 29157.69, '2025-05-01 05:47:35', '2025-05-01 05:47:35'),
(1218, 278, 3, 10046.72, '2025-05-01 05:47:35', '2025-05-01 05:47:35'),
(1219, 282, 3, 30760.53, '2025-05-01 05:47:35', '2025-05-01 05:47:35'),
(1220, 283, 3, 16662.52, '2025-05-01 05:47:35', '2025-05-01 05:47:35'),
(1221, 288, 3, 9030.98, '2025-05-01 05:47:35', '2025-05-01 05:47:35'),
(1222, 289, 3, 13167.36, '2025-05-01 05:47:35', '2025-05-01 05:47:35'),
(1223, 290, 3, 31743.86, '2025-05-01 05:47:35', '2025-05-01 05:47:35'),
(1224, 291, 3, 12217.24, '2025-05-01 05:47:35', '2025-05-01 05:47:35'),
(1225, 292, 3, 8854.59, '2025-05-01 05:47:35', '2025-05-01 05:47:35'),
(1226, 298, 3, 25621.24, '2025-05-01 05:47:35', '2025-05-01 05:47:35'),
(1227, 302, 3, 19542.42, '2025-05-01 05:47:35', '2025-05-01 05:47:35'),
(1228, 303, 3, 13848.37, '2025-05-01 05:47:35', '2025-05-01 05:47:35'),
(1229, 308, 3, 28614.60, '2025-05-01 05:47:35', '2025-05-01 05:47:35'),
(1230, 309, 3, 19527.88, '2025-05-01 05:47:35', '2025-05-01 05:47:35'),
(1231, 310, 3, 29795.61, '2025-05-01 05:47:35', '2025-05-01 05:47:35'),
(1232, 311, 3, 8394.39, '2025-05-01 05:47:35', '2025-05-01 05:47:35'),
(1233, 312, 3, 20585.15, '2025-05-01 05:47:35', '2025-05-01 05:47:35'),
(1234, 318, 3, 20742.59, '2025-05-01 05:47:35', '2025-05-01 05:47:35'),
(1235, 322, 3, 9957.49, '2025-05-01 05:47:35', '2025-05-01 05:47:35'),
(1236, 323, 3, 30559.67, '2025-05-01 05:47:35', '2025-05-01 05:47:35'),
(1237, 328, 3, 15925.90, '2025-05-01 05:47:35', '2025-05-01 05:47:35'),
(1238, 329, 3, 30950.49, '2025-05-01 05:47:35', '2025-05-01 05:47:35'),
(1239, 330, 3, 24974.74, '2025-05-01 05:47:35', '2025-05-01 05:47:35'),
(1240, 331, 3, 25022.22, '2025-05-01 05:47:35', '2025-05-01 05:47:35'),
(1241, 332, 3, 18186.88, '2025-05-01 05:47:35', '2025-05-01 05:47:35'),
(1242, 338, 3, 8867.77, '2025-05-01 05:47:35', '2025-05-01 05:47:35'),
(1243, 342, 3, 7778.18, '2025-05-01 05:47:35', '2025-05-01 05:47:35'),
(1244, 343, 3, 30287.60, '2025-05-01 05:47:35', '2025-05-01 05:47:35'),
(1245, 348, 3, 21103.47, '2025-05-01 05:47:35', '2025-05-01 05:47:35'),
(1246, 349, 3, 7654.56, '2025-05-01 05:47:35', '2025-05-01 05:47:35'),
(1247, 350, 3, 17962.40, '2025-05-01 05:47:35', '2025-05-01 05:47:35'),
(1248, 351, 3, 9848.29, '2025-05-01 05:47:35', '2025-05-01 05:47:35'),
(1249, 352, 3, 13354.27, '2025-05-01 05:47:35', '2025-05-01 05:47:35'),
(1250, 358, 3, 30226.47, '2025-05-01 05:47:35', '2025-05-01 05:47:35'),
(1251, 361, 3, 29069.54, '2025-05-01 05:47:35', '2025-05-01 05:47:35'),
(1252, 362, 3, 22668.29, '2025-05-01 05:47:35', '2025-05-01 05:47:35'),
(1253, 363, 3, 19132.85, '2025-05-01 05:47:35', '2025-05-01 05:47:35'),
(1254, 364, 3, 20659.35, '2025-05-01 05:47:35', '2025-05-01 05:47:35'),
(1255, 365, 3, 13898.23, '2025-05-01 05:47:35', '2025-05-01 05:47:35'),
(1256, 366, 3, 25513.11, '2025-05-01 05:47:35', '2025-05-01 05:47:35'),
(1257, 367, 3, 28870.83, '2025-05-01 05:47:35', '2025-05-01 05:47:35'),
(1258, 368, 3, 10814.82, '2025-05-01 05:47:35', '2025-05-01 05:47:35'),
(1259, 369, 3, 10461.61, '2025-05-01 05:47:35', '2025-05-01 05:47:35'),
(1260, 370, 3, 12863.58, '2025-05-01 05:47:35', '2025-05-01 05:47:35'),
(1261, 371, 3, 25933.09, '2025-05-01 05:47:35', '2025-05-01 05:47:35'),
(1262, 372, 3, 9074.71, '2025-05-01 05:47:35', '2025-05-01 05:47:35'),
(1263, 373, 3, 10574.26, '2025-05-01 05:47:35', '2025-05-01 05:47:35'),
(1264, 374, 3, 18647.19, '2025-05-01 05:47:35', '2025-05-01 05:47:35'),
(1265, 375, 3, 29513.15, '2025-05-01 05:47:35', '2025-05-01 05:47:35'),
(1266, 376, 3, 9624.18, '2025-05-01 05:47:35', '2025-05-01 05:47:35'),
(1267, 377, 3, 27581.47, '2025-05-01 05:47:35', '2025-05-01 05:47:35'),
(1268, 378, 3, 27034.82, '2025-05-01 05:47:35', '2025-05-01 05:47:35'),
(1269, 379, 3, 20429.67, '2025-05-01 05:47:35', '2025-05-01 05:47:35'),
(1270, 380, 3, 14043.90, '2025-05-01 05:47:35', '2025-05-01 05:47:35'),
(1271, 382, 3, 26930.49, '2025-05-01 05:47:35', '2025-05-01 05:47:35'),
(1272, 383, 3, 10520.73, '2025-05-01 05:47:35', '2025-05-01 05:47:35'),
(1273, 388, 3, 14812.20, '2025-05-01 05:47:35', '2025-05-01 05:47:35'),
(1274, 389, 3, 10498.80, '2025-05-01 05:47:35', '2025-05-01 05:47:35'),
(1275, 390, 3, 26057.41, '2025-05-01 05:47:35', '2025-05-01 05:47:35'),
(1276, 391, 3, 16790.67, '2025-05-01 05:47:35', '2025-05-01 05:47:35'),
(1277, 392, 3, 23781.09, '2025-05-01 05:47:35', '2025-05-01 05:47:35'),
(1278, 399, 3, 11533.46, '2025-05-01 05:47:35', '2025-05-01 05:47:35'),
(1279, 402, 3, 29324.01, '2025-05-01 05:47:35', '2025-05-01 05:47:35'),
(1280, 403, 3, 30019.69, '2025-05-01 05:47:35', '2025-05-01 05:47:35'),
(1281, 408, 3, 30126.41, '2025-05-01 05:47:35', '2025-05-01 05:47:35'),
(1282, 409, 3, 28573.00, '2025-05-01 05:47:35', '2025-05-01 05:47:35'),
(1283, 410, 3, 20485.76, '2025-05-01 05:47:35', '2025-05-01 05:47:35'),
(1284, 411, 3, 9709.80, '2025-05-01 05:47:35', '2025-05-01 05:47:35'),
(1285, 412, 3, 30091.71, '2025-05-01 05:47:35', '2025-05-01 05:47:35'),
(1286, 419, 3, 14329.16, '2025-05-01 05:47:35', '2025-05-01 05:47:35'),
(1534, 1, 6, 36286.07, '2025-05-01 05:52:40', '2025-05-01 05:52:40'),
(1535, 2, 6, 62351.98, '2025-05-01 05:52:40', '2025-05-01 05:52:40'),
(1536, 4, 6, 66901.70, '2025-05-01 05:52:40', '2025-05-01 05:52:40'),
(1537, 5, 6, 71452.54, '2025-05-01 05:52:40', '2025-05-01 05:52:40'),
(1538, 6, 6, 20557.64, '2025-05-01 05:52:40', '2025-05-01 05:52:40'),
(1539, 7, 6, 52430.55, '2025-05-01 05:52:40', '2025-05-01 05:52:40'),
(1540, 8, 6, 64479.86, '2025-05-01 05:52:40', '2025-05-01 05:52:40'),
(1541, 9, 6, 29107.64, '2025-05-01 05:52:40', '2025-05-01 05:52:40'),
(1542, 10, 6, 56098.64, '2025-05-01 05:52:40', '2025-05-01 05:52:40'),
(1543, 11, 6, 57170.26, '2025-05-01 05:52:40', '2025-05-01 05:52:40'),
(1544, 12, 6, 41555.37, '2025-05-01 05:52:40', '2025-05-01 05:52:40'),
(1545, 13, 6, 20266.09, '2025-05-01 05:52:40', '2025-05-01 05:52:40'),
(1546, 14, 6, 20664.32, '2025-05-01 05:52:40', '2025-05-01 05:52:40'),
(1547, 15, 6, 26523.35, '2025-05-01 05:52:40', '2025-05-01 05:52:40'),
(1548, 16, 6, 54623.79, '2025-05-01 05:52:40', '2025-05-01 05:52:40'),
(1549, 17, 6, 57548.90, '2025-05-01 05:52:40', '2025-05-01 05:52:40'),
(1550, 18, 6, 47873.14, '2025-05-01 05:52:40', '2025-05-01 05:52:40'),
(1551, 19, 6, 50718.99, '2025-05-01 05:52:40', '2025-05-01 05:52:40'),
(1552, 20, 6, 33975.53, '2025-05-01 05:52:40', '2025-05-01 05:52:40'),
(1553, 21, 6, 61720.70, '2025-05-01 05:52:40', '2025-05-01 05:52:40'),
(1554, 22, 6, 70676.90, '2025-05-01 05:52:40', '2025-05-01 05:52:40'),
(1555, 24, 6, 32222.41, '2025-05-01 05:52:40', '2025-05-01 05:52:40'),
(1556, 25, 6, 53081.35, '2025-05-01 05:52:40', '2025-05-01 05:52:40'),
(1557, 26, 6, 32739.52, '2025-05-01 05:52:40', '2025-05-01 05:52:40'),
(1558, 27, 6, 48453.57, '2025-05-01 05:52:40', '2025-05-01 05:52:40'),
(1559, 28, 6, 68049.27, '2025-05-01 05:52:40', '2025-05-01 05:52:40'),
(1560, 29, 6, 58885.65, '2025-05-01 05:52:40', '2025-05-01 05:52:40'),
(1561, 30, 6, 74280.46, '2025-05-01 05:52:40', '2025-05-01 05:52:40'),
(1562, 31, 6, 58745.34, '2025-05-01 05:52:40', '2025-05-01 05:52:40'),
(1563, 32, 6, 54885.32, '2025-05-01 05:52:40', '2025-05-01 05:52:40'),
(1564, 33, 6, 22190.58, '2025-05-01 05:52:40', '2025-05-01 05:52:40'),
(1565, 34, 6, 50296.93, '2025-05-01 05:52:40', '2025-05-01 05:52:40'),
(1566, 35, 6, 48912.90, '2025-05-01 05:52:40', '2025-05-01 05:52:40'),
(1567, 36, 6, 17673.75, '2025-05-01 05:52:40', '2025-05-01 05:52:40'),
(1568, 37, 6, 45630.02, '2025-05-01 05:52:40', '2025-05-01 05:52:40'),
(1569, 38, 6, 39128.85, '2025-05-01 05:52:40', '2025-05-01 05:52:40'),
(1570, 39, 6, 42754.19, '2025-05-01 05:52:40', '2025-05-01 05:52:40'),
(1571, 40, 6, 20384.40, '2025-05-01 05:52:40', '2025-05-01 05:52:40'),
(1572, 41, 6, 17659.43, '2025-05-01 05:52:40', '2025-05-01 05:52:40'),
(1573, 42, 6, 71143.97, '2025-05-01 05:52:40', '2025-05-01 05:52:40'),
(1574, 44, 6, 46741.55, '2025-05-01 05:52:40', '2025-05-01 05:52:40'),
(1575, 45, 6, 64275.85, '2025-05-01 05:52:40', '2025-05-01 05:52:40'),
(1576, 46, 6, 45154.60, '2025-05-01 05:52:40', '2025-05-01 05:52:40'),
(1577, 47, 6, 16945.43, '2025-05-01 05:52:40', '2025-05-01 05:52:40'),
(1578, 48, 6, 53263.37, '2025-05-01 05:52:40', '2025-05-01 05:52:40'),
(1579, 49, 6, 19480.56, '2025-05-01 05:52:40', '2025-05-01 05:52:40'),
(1580, 50, 6, 41612.67, '2025-05-01 05:52:40', '2025-05-01 05:52:40'),
(1581, 51, 6, 73621.69, '2025-05-01 05:52:40', '2025-05-01 05:52:40'),
(1582, 52, 6, 47270.44, '2025-05-01 05:52:40', '2025-05-01 05:52:40'),
(1583, 53, 6, 59487.14, '2025-05-01 05:52:40', '2025-05-01 05:52:40'),
(1584, 54, 6, 19624.37, '2025-05-01 05:52:40', '2025-05-01 05:52:40'),
(1585, 55, 6, 23660.42, '2025-05-01 05:52:40', '2025-05-01 05:52:40'),
(1586, 56, 6, 43429.00, '2025-05-01 05:52:40', '2025-05-01 05:52:40'),
(1587, 57, 6, 70163.76, '2025-05-01 05:52:40', '2025-05-01 05:52:40'),
(1588, 58, 6, 24531.77, '2025-05-01 05:52:40', '2025-05-01 05:52:40'),
(1589, 59, 6, 16167.60, '2025-05-01 05:52:40', '2025-05-01 05:52:40'),
(1590, 60, 6, 51242.69, '2025-05-01 05:52:40', '2025-05-01 05:52:40'),
(1591, 81, 6, 71710.66, '2025-05-01 05:52:40', '2025-05-01 05:52:40'),
(1592, 82, 6, 68825.22, '2025-05-01 05:52:40', '2025-05-01 05:52:40'),
(1593, 83, 6, 52994.13, '2025-05-01 05:52:40', '2025-05-01 05:52:40'),
(1594, 85, 6, 42494.99, '2025-05-01 05:52:40', '2025-05-01 05:52:40'),
(1595, 86, 6, 37492.55, '2025-05-01 05:52:40', '2025-05-01 05:52:40'),
(1596, 87, 6, 43977.77, '2025-05-01 05:52:40', '2025-05-01 05:52:40'),
(1597, 88, 6, 31411.21, '2025-05-01 05:52:40', '2025-05-01 05:52:40'),
(1598, 89, 6, 69122.73, '2025-05-01 05:52:40', '2025-05-01 05:52:40'),
(1599, 90, 6, 55380.05, '2025-05-01 05:52:40', '2025-05-01 05:52:40'),
(1600, 91, 6, 53532.04, '2025-05-01 05:52:40', '2025-05-01 05:52:40'),
(1601, 92, 6, 25520.05, '2025-05-01 05:52:40', '2025-05-01 05:52:40'),
(1602, 93, 6, 71004.14, '2025-05-01 05:52:40', '2025-05-01 05:52:40'),
(1603, 94, 6, 22460.54, '2025-05-01 05:52:40', '2025-05-01 05:52:40'),
(1604, 95, 6, 63290.28, '2025-05-01 05:52:40', '2025-05-01 05:52:40'),
(1605, 96, 6, 53069.77, '2025-05-01 05:52:40', '2025-05-01 05:52:40'),
(1606, 97, 6, 59478.04, '2025-05-01 05:52:40', '2025-05-01 05:52:40'),
(1607, 98, 6, 62180.88, '2025-05-01 05:52:40', '2025-05-01 05:52:40'),
(1608, 99, 6, 56470.29, '2025-05-01 05:52:40', '2025-05-01 05:52:40'),
(1609, 100, 6, 19808.81, '2025-05-01 05:52:40', '2025-05-01 05:52:40'),
(1610, 101, 6, 33633.18, '2025-05-01 05:52:40', '2025-05-01 05:52:40'),
(1611, 102, 6, 32739.49, '2025-05-01 05:52:40', '2025-05-01 05:52:40'),
(1612, 103, 6, 46797.88, '2025-05-01 05:52:40', '2025-05-01 05:52:40'),
(1613, 105, 6, 59770.95, '2025-05-01 05:52:40', '2025-05-01 05:52:40'),
(1614, 106, 6, 22461.13, '2025-05-01 05:52:40', '2025-05-01 05:52:40'),
(1615, 107, 6, 36992.77, '2025-05-01 05:52:40', '2025-05-01 05:52:40'),
(1616, 108, 6, 41580.49, '2025-05-01 05:52:40', '2025-05-01 05:52:40'),
(1617, 109, 6, 20924.15, '2025-05-01 05:52:40', '2025-05-01 05:52:40'),
(1618, 110, 6, 23879.26, '2025-05-01 05:52:40', '2025-05-01 05:52:40'),
(1619, 111, 6, 40623.84, '2025-05-01 05:52:40', '2025-05-01 05:52:40'),
(1620, 112, 6, 55481.45, '2025-05-01 05:52:40', '2025-05-01 05:52:40'),
(1621, 113, 6, 19535.71, '2025-05-01 05:52:40', '2025-05-01 05:52:40'),
(1622, 114, 6, 35234.23, '2025-05-01 05:52:40', '2025-05-01 05:52:40'),
(1623, 115, 6, 41564.00, '2025-05-01 05:52:40', '2025-05-01 05:52:40'),
(1624, 116, 6, 26117.32, '2025-05-01 05:52:40', '2025-05-01 05:52:40'),
(1625, 117, 6, 49894.59, '2025-05-01 05:52:40', '2025-05-01 05:52:40'),
(1626, 118, 6, 35121.00, '2025-05-01 05:52:40', '2025-05-01 05:52:40'),
(1627, 119, 6, 69921.24, '2025-05-01 05:52:40', '2025-05-01 05:52:40'),
(1628, 120, 6, 48243.19, '2025-05-01 05:52:40', '2025-05-01 05:52:40'),
(1629, 121, 6, 75452.23, '2025-05-01 05:52:40', '2025-05-01 05:52:40'),
(1630, 122, 6, 36531.58, '2025-05-01 05:52:40', '2025-05-01 05:52:40'),
(1631, 123, 6, 60301.20, '2025-05-01 05:52:40', '2025-05-01 05:52:40'),
(1632, 125, 6, 55911.27, '2025-05-01 05:52:40', '2025-05-01 05:52:40'),
(1633, 126, 6, 22652.74, '2025-05-01 05:52:40', '2025-05-01 05:52:40'),
(1634, 127, 6, 49529.89, '2025-05-01 05:52:40', '2025-05-01 05:52:40'),
(1635, 128, 6, 43691.24, '2025-05-01 05:52:40', '2025-05-01 05:52:40'),
(1636, 129, 6, 53866.53, '2025-05-01 05:52:40', '2025-05-01 05:52:40'),
(1637, 130, 6, 62258.94, '2025-05-01 05:52:40', '2025-05-01 05:52:40'),
(1638, 131, 6, 73695.13, '2025-05-01 05:52:40', '2025-05-01 05:52:40'),
(1639, 132, 6, 45698.81, '2025-05-01 05:52:40', '2025-05-01 05:52:40'),
(1640, 133, 6, 51408.65, '2025-05-01 05:52:40', '2025-05-01 05:52:40'),
(1641, 134, 6, 43946.82, '2025-05-01 05:52:40', '2025-05-01 05:52:40'),
(1642, 135, 6, 49508.17, '2025-05-01 05:52:40', '2025-05-01 05:52:40'),
(1643, 136, 6, 39700.41, '2025-05-01 05:52:40', '2025-05-01 05:52:40'),
(1644, 137, 6, 33977.51, '2025-05-01 05:52:40', '2025-05-01 05:52:40'),
(1645, 138, 6, 34786.32, '2025-05-01 05:52:40', '2025-05-01 05:52:40'),
(1646, 139, 6, 55999.08, '2025-05-01 05:52:40', '2025-05-01 05:52:40'),
(1647, 140, 6, 39636.44, '2025-05-01 05:52:40', '2025-05-01 05:52:40'),
(1648, 141, 6, 74184.95, '2025-05-01 05:52:40', '2025-05-01 05:52:40'),
(1649, 142, 6, 56015.46, '2025-05-01 05:52:40', '2025-05-01 05:52:40'),
(1650, 143, 6, 41522.42, '2025-05-01 05:52:40', '2025-05-01 05:52:40'),
(1651, 145, 6, 23565.75, '2025-05-01 05:52:40', '2025-05-01 05:52:40'),
(1652, 146, 6, 37261.46, '2025-05-01 05:52:40', '2025-05-01 05:52:40'),
(1653, 147, 6, 39610.07, '2025-05-01 05:52:40', '2025-05-01 05:52:40'),
(1654, 148, 6, 70265.98, '2025-05-01 05:52:40', '2025-05-01 05:52:40'),
(1655, 149, 6, 36499.68, '2025-05-01 05:52:40', '2025-05-01 05:52:40'),
(1656, 150, 6, 75700.49, '2025-05-01 05:52:40', '2025-05-01 05:52:40'),
(1657, 151, 6, 73003.38, '2025-05-01 05:52:40', '2025-05-01 05:52:40'),
(1658, 152, 6, 61915.44, '2025-05-01 05:52:40', '2025-05-01 05:52:40'),
(1659, 153, 6, 74567.05, '2025-05-01 05:52:40', '2025-05-01 05:52:40'),
(1660, 154, 6, 51088.96, '2025-05-01 05:52:40', '2025-05-01 05:52:40'),
(1661, 155, 6, 75743.64, '2025-05-01 05:52:40', '2025-05-01 05:52:40'),
(1662, 156, 6, 29451.32, '2025-05-01 05:52:40', '2025-05-01 05:52:40'),
(1663, 157, 6, 24025.68, '2025-05-01 05:52:40', '2025-05-01 05:52:40'),
(1664, 158, 6, 75774.46, '2025-05-01 05:52:40', '2025-05-01 05:52:40'),
(1665, 159, 6, 50795.24, '2025-05-01 05:52:40', '2025-05-01 05:52:40'),
(1666, 160, 6, 70652.81, '2025-05-01 05:52:40', '2025-05-01 05:52:40'),
(1667, 161, 6, 64878.35, '2025-05-01 05:52:40', '2025-05-01 05:52:40'),
(1668, 162, 6, 36433.30, '2025-05-01 05:52:40', '2025-05-01 05:52:40'),
(1669, 163, 6, 31531.46, '2025-05-01 05:52:40', '2025-05-01 05:52:40'),
(1670, 165, 6, 32357.42, '2025-05-01 05:52:40', '2025-05-01 05:52:40'),
(1671, 166, 6, 51192.73, '2025-05-01 05:52:40', '2025-05-01 05:52:40'),
(1672, 167, 6, 22891.39, '2025-05-01 05:52:40', '2025-05-01 05:52:40'),
(1673, 168, 6, 64878.75, '2025-05-01 05:52:40', '2025-05-01 05:52:40'),
(1674, 169, 6, 59719.59, '2025-05-01 05:52:40', '2025-05-01 05:52:40'),
(1675, 170, 6, 27961.70, '2025-05-01 05:52:40', '2025-05-01 05:52:40'),
(1676, 171, 6, 64649.75, '2025-05-01 05:52:40', '2025-05-01 05:52:40'),
(1677, 172, 6, 43363.63, '2025-05-01 05:52:40', '2025-05-01 05:52:40'),
(1678, 173, 6, 66868.92, '2025-05-01 05:52:40', '2025-05-01 05:52:40'),
(1679, 174, 6, 68253.70, '2025-05-01 05:52:40', '2025-05-01 05:52:40'),
(1680, 175, 6, 64661.76, '2025-05-01 05:52:40', '2025-05-01 05:52:40'),
(1681, 176, 6, 42547.68, '2025-05-01 05:52:40', '2025-05-01 05:52:40'),
(1682, 177, 6, 62753.13, '2025-05-01 05:52:40', '2025-05-01 05:52:40'),
(1683, 178, 6, 50122.59, '2025-05-01 05:52:40', '2025-05-01 05:52:40'),
(1684, 179, 6, 46353.60, '2025-05-01 05:52:40', '2025-05-01 05:52:40'),
(1685, 180, 6, 65400.20, '2025-05-01 05:52:40', '2025-05-01 05:52:40'),
(1686, 181, 6, 51940.20, '2025-05-01 05:52:40', '2025-05-01 05:52:40'),
(1687, 182, 6, 47500.41, '2025-05-01 05:52:40', '2025-05-01 05:52:40'),
(1688, 183, 6, 65681.46, '2025-05-01 05:52:40', '2025-05-01 05:52:40'),
(1689, 185, 6, 49906.08, '2025-05-01 05:52:40', '2025-05-01 05:52:40'),
(1690, 186, 6, 36486.00, '2025-05-01 05:52:40', '2025-05-01 05:52:40'),
(1691, 187, 6, 16711.78, '2025-05-01 05:52:40', '2025-05-01 05:52:40'),
(1692, 188, 6, 18100.91, '2025-05-01 05:52:40', '2025-05-01 05:52:40'),
(1693, 189, 6, 24369.19, '2025-05-01 05:52:40', '2025-05-01 05:52:40'),
(1694, 190, 6, 51543.23, '2025-05-01 05:52:40', '2025-05-01 05:52:40'),
(1695, 191, 6, 48608.59, '2025-05-01 05:52:40', '2025-05-01 05:52:40'),
(1696, 192, 6, 72413.26, '2025-05-01 05:52:40', '2025-05-01 05:52:40'),
(1697, 193, 6, 20240.53, '2025-05-01 05:52:40', '2025-05-01 05:52:40'),
(1698, 194, 6, 47962.86, '2025-05-01 05:52:40', '2025-05-01 05:52:40'),
(1699, 195, 6, 43092.73, '2025-05-01 05:52:40', '2025-05-01 05:52:40'),
(1700, 196, 6, 55575.07, '2025-05-01 05:52:40', '2025-05-01 05:52:40'),
(1701, 197, 6, 72597.16, '2025-05-01 05:52:40', '2025-05-01 05:52:40'),
(1702, 198, 6, 60260.61, '2025-05-01 05:52:40', '2025-05-01 05:52:40'),
(1703, 199, 6, 67511.56, '2025-05-01 05:52:40', '2025-05-01 05:52:40'),
(1704, 200, 6, 20775.98, '2025-05-01 05:52:40', '2025-05-01 05:52:40'),
(1705, 201, 6, 65345.22, '2025-05-01 05:52:40', '2025-05-01 05:52:40'),
(1706, 202, 6, 68398.14, '2025-05-01 05:52:40', '2025-05-01 05:52:40'),
(1707, 203, 6, 69955.04, '2025-05-01 05:52:40', '2025-05-01 05:52:40'),
(1708, 205, 6, 68580.80, '2025-05-01 05:52:40', '2025-05-01 05:52:40'),
(1709, 206, 6, 57038.89, '2025-05-01 05:52:40', '2025-05-01 05:52:40'),
(1710, 207, 6, 63452.05, '2025-05-01 05:52:40', '2025-05-01 05:52:40'),
(1711, 208, 6, 70143.58, '2025-05-01 05:52:40', '2025-05-01 05:52:40'),
(1712, 209, 6, 24361.76, '2025-05-01 05:52:40', '2025-05-01 05:52:40'),
(1713, 210, 6, 75378.07, '2025-05-01 05:52:40', '2025-05-01 05:52:40'),
(1714, 211, 6, 47805.05, '2025-05-01 05:52:40', '2025-05-01 05:52:40'),
(1715, 212, 6, 56891.06, '2025-05-01 05:52:40', '2025-05-01 05:52:40'),
(1716, 213, 6, 65040.14, '2025-05-01 05:52:40', '2025-05-01 05:52:40'),
(1717, 214, 6, 18527.54, '2025-05-01 05:52:40', '2025-05-01 05:52:40'),
(1718, 215, 6, 61517.25, '2025-05-01 05:52:40', '2025-05-01 05:52:40'),
(1719, 216, 6, 56003.65, '2025-05-01 05:52:40', '2025-05-01 05:52:40'),
(1720, 217, 6, 19466.52, '2025-05-01 05:52:40', '2025-05-01 05:52:40'),
(1721, 218, 6, 33321.62, '2025-05-01 05:52:40', '2025-05-01 05:52:40'),
(1722, 219, 6, 32208.56, '2025-05-01 05:52:40', '2025-05-01 05:52:40'),
(1723, 220, 6, 45077.93, '2025-05-01 05:52:40', '2025-05-01 05:52:40'),
(1724, 221, 6, 52763.97, '2025-05-01 05:52:40', '2025-05-01 05:52:40'),
(1725, 222, 6, 52586.06, '2025-05-01 05:52:40', '2025-05-01 05:52:40'),
(1726, 223, 6, 28638.40, '2025-05-01 05:52:40', '2025-05-01 05:52:40'),
(1727, 225, 6, 29433.84, '2025-05-01 05:52:40', '2025-05-01 05:52:40'),
(1728, 226, 6, 45253.98, '2025-05-01 05:52:40', '2025-05-01 05:52:40'),
(1729, 227, 6, 61968.37, '2025-05-01 05:52:40', '2025-05-01 05:52:40'),
(1730, 228, 6, 38079.91, '2025-05-01 05:52:40', '2025-05-01 05:52:40'),
(1731, 229, 6, 48494.46, '2025-05-01 05:52:40', '2025-05-01 05:52:40'),
(1732, 230, 6, 52232.55, '2025-05-01 05:52:40', '2025-05-01 05:52:40'),
(1733, 231, 6, 39679.37, '2025-05-01 05:52:40', '2025-05-01 05:52:40'),
(1734, 232, 6, 25699.20, '2025-05-01 05:52:40', '2025-05-01 05:52:40'),
(1735, 233, 6, 53457.90, '2025-05-01 05:52:40', '2025-05-01 05:52:40'),
(1736, 234, 6, 54191.90, '2025-05-01 05:52:40', '2025-05-01 05:52:40'),
(1737, 235, 6, 34585.80, '2025-05-01 05:52:40', '2025-05-01 05:52:40'),
(1738, 236, 6, 54353.32, '2025-05-01 05:52:40', '2025-05-01 05:52:40'),
(1739, 237, 6, 32009.18, '2025-05-01 05:52:40', '2025-05-01 05:52:40'),
(1740, 238, 6, 40985.96, '2025-05-01 05:52:40', '2025-05-01 05:52:40'),
(1741, 239, 6, 32902.24, '2025-05-01 05:52:40', '2025-05-01 05:52:40'),
(1742, 240, 6, 25553.33, '2025-05-01 05:52:40', '2025-05-01 05:52:40'),
(1743, 241, 6, 73059.95, '2025-05-01 05:52:40', '2025-05-01 05:52:40'),
(1744, 242, 6, 32639.77, '2025-05-01 05:52:40', '2025-05-01 05:52:40'),
(1745, 243, 6, 48018.97, '2025-05-01 05:52:40', '2025-05-01 05:52:40'),
(1746, 245, 6, 66175.57, '2025-05-01 05:52:40', '2025-05-01 05:52:40'),
(1747, 246, 6, 50820.95, '2025-05-01 05:52:40', '2025-05-01 05:52:40'),
(1748, 247, 6, 39578.04, '2025-05-01 05:52:40', '2025-05-01 05:52:40'),
(1749, 248, 6, 29427.32, '2025-05-01 05:52:40', '2025-05-01 05:52:40'),
(1750, 249, 6, 72402.52, '2025-05-01 05:52:40', '2025-05-01 05:52:40'),
(1751, 250, 6, 17730.62, '2025-05-01 05:52:40', '2025-05-01 05:52:40'),
(1752, 251, 6, 35445.53, '2025-05-01 05:52:40', '2025-05-01 05:52:40'),
(1753, 252, 6, 48035.80, '2025-05-01 05:52:40', '2025-05-01 05:52:40'),
(1754, 253, 6, 57842.42, '2025-05-01 05:52:40', '2025-05-01 05:52:40'),
(1755, 254, 6, 69104.71, '2025-05-01 05:52:40', '2025-05-01 05:52:40'),
(1756, 255, 6, 35996.30, '2025-05-01 05:52:40', '2025-05-01 05:52:40'),
(1757, 256, 6, 16667.38, '2025-05-01 05:52:40', '2025-05-01 05:52:40'),
(1758, 257, 6, 19347.98, '2025-05-01 05:52:40', '2025-05-01 05:52:40'),
(1759, 258, 6, 30737.77, '2025-05-01 05:52:40', '2025-05-01 05:52:40'),
(1760, 259, 6, 19644.93, '2025-05-01 05:52:40', '2025-05-01 05:52:40'),
(1761, 260, 6, 50011.33, '2025-05-01 05:52:40', '2025-05-01 05:52:40'),
(1762, 261, 6, 55121.88, '2025-05-01 05:52:40', '2025-05-01 05:52:40'),
(1763, 262, 6, 49575.39, '2025-05-01 05:52:40', '2025-05-01 05:52:40'),
(1764, 263, 6, 66511.32, '2025-05-01 05:52:40', '2025-05-01 05:52:40'),
(1765, 265, 6, 47830.45, '2025-05-01 05:52:40', '2025-05-01 05:52:40'),
(1766, 266, 6, 23618.27, '2025-05-01 05:52:40', '2025-05-01 05:52:40'),
(1767, 267, 6, 18600.02, '2025-05-01 05:52:40', '2025-05-01 05:52:40'),
(1768, 268, 6, 66145.28, '2025-05-01 05:52:40', '2025-05-01 05:52:40'),
(1769, 269, 6, 18926.36, '2025-05-01 05:52:40', '2025-05-01 05:52:40'),
(1770, 270, 6, 60195.93, '2025-05-01 05:52:40', '2025-05-01 05:52:40'),
(1771, 271, 6, 48200.60, '2025-05-01 05:52:40', '2025-05-01 05:52:40'),
(1772, 272, 6, 44415.20, '2025-05-01 05:52:40', '2025-05-01 05:52:40'),
(1773, 273, 6, 61474.21, '2025-05-01 05:52:40', '2025-05-01 05:52:40'),
(1774, 274, 6, 38125.44, '2025-05-01 05:52:40', '2025-05-01 05:52:40'),
(1775, 275, 6, 50204.56, '2025-05-01 05:52:40', '2025-05-01 05:52:40'),
(1776, 276, 6, 60646.51, '2025-05-01 05:52:40', '2025-05-01 05:52:40'),
(1777, 277, 6, 16618.84, '2025-05-01 05:52:40', '2025-05-01 05:52:40'),
(1778, 278, 6, 65154.70, '2025-05-01 05:52:40', '2025-05-01 05:52:40'),
(1779, 279, 6, 19916.97, '2025-05-01 05:52:40', '2025-05-01 05:52:40'),
(1780, 280, 6, 68120.77, '2025-05-01 05:52:40', '2025-05-01 05:52:40'),
(1781, 281, 6, 24852.92, '2025-05-01 05:52:40', '2025-05-01 05:52:40'),
(1782, 282, 6, 23902.29, '2025-05-01 05:52:40', '2025-05-01 05:52:40'),
(1783, 283, 6, 28952.68, '2025-05-01 05:52:40', '2025-05-01 05:52:40'),
(1784, 285, 6, 57056.55, '2025-05-01 05:52:40', '2025-05-01 05:52:40'),
(1785, 286, 6, 62424.71, '2025-05-01 05:52:40', '2025-05-01 05:52:40'),
(1786, 287, 6, 64953.91, '2025-05-01 05:52:40', '2025-05-01 05:52:40'),
(1787, 288, 6, 61495.43, '2025-05-01 05:52:40', '2025-05-01 05:52:40'),
(1788, 289, 6, 36615.40, '2025-05-01 05:52:40', '2025-05-01 05:52:40'),
(1789, 290, 6, 42590.71, '2025-05-01 05:52:40', '2025-05-01 05:52:40'),
(1790, 291, 6, 27107.38, '2025-05-01 05:52:40', '2025-05-01 05:52:40'),
(1791, 292, 6, 51764.74, '2025-05-01 05:52:40', '2025-05-01 05:52:40'),
(1792, 293, 6, 41501.58, '2025-05-01 05:52:40', '2025-05-01 05:52:40'),
(1793, 294, 6, 36213.68, '2025-05-01 05:52:40', '2025-05-01 05:52:40'),
(1794, 295, 6, 40563.65, '2025-05-01 05:52:40', '2025-05-01 05:52:40'),
(1795, 296, 6, 18177.23, '2025-05-01 05:52:40', '2025-05-01 05:52:40'),
(1796, 297, 6, 73195.19, '2025-05-01 05:52:40', '2025-05-01 05:52:40'),
(1797, 298, 6, 55444.25, '2025-05-01 05:52:40', '2025-05-01 05:52:40'),
(1798, 299, 6, 41635.71, '2025-05-01 05:52:40', '2025-05-01 05:52:40'),
(1799, 300, 6, 25845.80, '2025-05-01 05:52:40', '2025-05-01 05:52:40'),
(1800, 301, 6, 48321.87, '2025-05-01 05:52:40', '2025-05-01 05:52:40'),
(1801, 302, 6, 28071.96, '2025-05-01 05:52:40', '2025-05-01 05:52:40'),
(1802, 303, 6, 39394.18, '2025-05-01 05:52:40', '2025-05-01 05:52:40'),
(1803, 305, 6, 36755.02, '2025-05-01 05:52:40', '2025-05-01 05:52:40'),
(1804, 306, 6, 49592.58, '2025-05-01 05:52:40', '2025-05-01 05:52:40'),
(1805, 307, 6, 61697.81, '2025-05-01 05:52:40', '2025-05-01 05:52:40'),
(1806, 308, 6, 23711.34, '2025-05-01 05:52:40', '2025-05-01 05:52:40'),
(1807, 309, 6, 37463.27, '2025-05-01 05:52:40', '2025-05-01 05:52:40'),
(1808, 310, 6, 40182.31, '2025-05-01 05:52:40', '2025-05-01 05:52:40'),
(1809, 311, 6, 72521.74, '2025-05-01 05:52:40', '2025-05-01 05:52:40'),
(1810, 312, 6, 46061.79, '2025-05-01 05:52:40', '2025-05-01 05:52:40'),
(1811, 313, 6, 56743.74, '2025-05-01 05:52:40', '2025-05-01 05:52:40'),
(1812, 314, 6, 69533.31, '2025-05-01 05:52:40', '2025-05-01 05:52:40'),
(1813, 315, 6, 41435.35, '2025-05-01 05:52:40', '2025-05-01 05:52:40'),
(1814, 316, 6, 42576.82, '2025-05-01 05:52:40', '2025-05-01 05:52:40'),
(1815, 317, 6, 72578.05, '2025-05-01 05:52:40', '2025-05-01 05:52:40'),
(1816, 318, 6, 39159.79, '2025-05-01 05:52:40', '2025-05-01 05:52:40'),
(1817, 319, 6, 22064.80, '2025-05-01 05:52:40', '2025-05-01 05:52:40'),
(1818, 320, 6, 36844.61, '2025-05-01 05:52:40', '2025-05-01 05:52:40'),
(1819, 321, 6, 42028.68, '2025-05-01 05:52:40', '2025-05-01 05:52:40'),
(1820, 322, 6, 23609.58, '2025-05-01 05:52:40', '2025-05-01 05:52:40'),
(1821, 323, 6, 35961.87, '2025-05-01 05:52:40', '2025-05-01 05:52:40'),
(1822, 325, 6, 32980.60, '2025-05-01 05:52:40', '2025-05-01 05:52:40'),
(1823, 326, 6, 41017.38, '2025-05-01 05:52:40', '2025-05-01 05:52:40'),
(1824, 327, 6, 30145.13, '2025-05-01 05:52:40', '2025-05-01 05:52:40'),
(1825, 328, 6, 71673.48, '2025-05-01 05:52:40', '2025-05-01 05:52:40'),
(1826, 329, 6, 71932.01, '2025-05-01 05:52:40', '2025-05-01 05:52:40'),
(1827, 330, 6, 68639.64, '2025-05-01 05:52:40', '2025-05-01 05:52:40'),
(1828, 331, 6, 51402.17, '2025-05-01 05:52:40', '2025-05-01 05:52:40'),
(1829, 332, 6, 35091.90, '2025-05-01 05:52:40', '2025-05-01 05:52:40'),
(1830, 333, 6, 65253.02, '2025-05-01 05:52:40', '2025-05-01 05:52:40'),
(1831, 334, 6, 24989.41, '2025-05-01 05:52:40', '2025-05-01 05:52:40'),
(1832, 335, 6, 33187.98, '2025-05-01 05:52:40', '2025-05-01 05:52:40'),
(1833, 336, 6, 74971.66, '2025-05-01 05:52:40', '2025-05-01 05:52:40'),
(1834, 337, 6, 19294.35, '2025-05-01 05:52:40', '2025-05-01 05:52:40'),
(1835, 338, 6, 35556.79, '2025-05-01 05:52:40', '2025-05-01 05:52:40'),
(1836, 339, 6, 43900.90, '2025-05-01 05:52:40', '2025-05-01 05:52:40'),
(1837, 340, 6, 36834.13, '2025-05-01 05:52:40', '2025-05-01 05:52:40'),
(1838, 341, 6, 36467.96, '2025-05-01 05:52:40', '2025-05-01 05:52:40'),
(1839, 342, 6, 55837.42, '2025-05-01 05:52:40', '2025-05-01 05:52:40'),
(1840, 343, 6, 33783.22, '2025-05-01 05:52:40', '2025-05-01 05:52:40'),
(1841, 345, 6, 45403.82, '2025-05-01 05:52:40', '2025-05-01 05:52:40'),
(1842, 346, 6, 49669.47, '2025-05-01 05:52:40', '2025-05-01 05:52:40'),
(1843, 347, 6, 36135.90, '2025-05-01 05:52:40', '2025-05-01 05:52:40'),
(1844, 348, 6, 75671.08, '2025-05-01 05:52:40', '2025-05-01 05:52:40'),
(1845, 349, 6, 73947.72, '2025-05-01 05:52:40', '2025-05-01 05:52:40'),
(1846, 350, 6, 66725.35, '2025-05-01 05:52:40', '2025-05-01 05:52:40'),
(1847, 351, 6, 35783.59, '2025-05-01 05:52:40', '2025-05-01 05:52:40'),
(1848, 352, 6, 22741.89, '2025-05-01 05:52:40', '2025-05-01 05:52:40'),
(1849, 353, 6, 50358.68, '2025-05-01 05:52:40', '2025-05-01 05:52:40'),
(1850, 354, 6, 47567.73, '2025-05-01 05:52:40', '2025-05-01 05:52:40'),
(1851, 355, 6, 70762.62, '2025-05-01 05:52:40', '2025-05-01 05:52:40'),
(1852, 356, 6, 75109.91, '2025-05-01 05:52:40', '2025-05-01 05:52:40'),
(1853, 357, 6, 27261.67, '2025-05-01 05:52:40', '2025-05-01 05:52:40'),
(1854, 358, 6, 74978.65, '2025-05-01 05:52:40', '2025-05-01 05:52:40'),
(1855, 359, 6, 37108.21, '2025-05-01 05:52:40', '2025-05-01 05:52:40');
INSERT INTO `preco_rotas` (`id`, `rota_id`, `transportadora_id`, `preco`, `created_at`, `updated_at`) VALUES
(1856, 360, 6, 64605.13, '2025-05-01 05:52:40', '2025-05-01 05:52:40'),
(1857, 361, 6, 75701.00, '2025-05-01 05:52:40', '2025-05-01 05:52:40'),
(1858, 362, 6, 48689.63, '2025-05-01 05:52:40', '2025-05-01 05:52:40'),
(1859, 363, 6, 60345.13, '2025-05-01 05:52:40', '2025-05-01 05:52:40'),
(1860, 365, 6, 19656.78, '2025-05-01 05:52:40', '2025-05-01 05:52:40'),
(1861, 366, 6, 21248.49, '2025-05-01 05:52:40', '2025-05-01 05:52:40'),
(1862, 367, 6, 31272.14, '2025-05-01 05:52:40', '2025-05-01 05:52:40'),
(1863, 368, 6, 16615.23, '2025-05-01 05:52:40', '2025-05-01 05:52:40'),
(1864, 369, 6, 33259.72, '2025-05-01 05:52:40', '2025-05-01 05:52:40'),
(1865, 370, 6, 40452.93, '2025-05-01 05:52:40', '2025-05-01 05:52:40'),
(1866, 371, 6, 26485.46, '2025-05-01 05:52:40', '2025-05-01 05:52:40'),
(1867, 372, 6, 55068.54, '2025-05-01 05:52:40', '2025-05-01 05:52:40'),
(1868, 373, 6, 59886.30, '2025-05-01 05:52:40', '2025-05-01 05:52:40'),
(1869, 374, 6, 58225.88, '2025-05-01 05:52:40', '2025-05-01 05:52:40'),
(1870, 375, 6, 35470.49, '2025-05-01 05:52:40', '2025-05-01 05:52:40'),
(1871, 376, 6, 46674.82, '2025-05-01 05:52:40', '2025-05-01 05:52:40'),
(1872, 377, 6, 50962.64, '2025-05-01 05:52:40', '2025-05-01 05:52:40'),
(1873, 378, 6, 38788.73, '2025-05-01 05:52:40', '2025-05-01 05:52:40'),
(1874, 379, 6, 25055.73, '2025-05-01 05:52:40', '2025-05-01 05:52:40'),
(1875, 380, 6, 52912.45, '2025-05-01 05:52:40', '2025-05-01 05:52:40'),
(1876, 381, 6, 53395.06, '2025-05-01 05:52:40', '2025-05-01 05:52:40'),
(1877, 382, 6, 32237.98, '2025-05-01 05:52:40', '2025-05-01 05:52:40'),
(1878, 383, 6, 45004.69, '2025-05-01 05:52:40', '2025-05-01 05:52:40'),
(1879, 385, 6, 52309.52, '2025-05-01 05:52:40', '2025-05-01 05:52:40'),
(1880, 386, 6, 50533.55, '2025-05-01 05:52:40', '2025-05-01 05:52:40'),
(1881, 387, 6, 19739.20, '2025-05-01 05:52:40', '2025-05-01 05:52:40'),
(1882, 388, 6, 51095.33, '2025-05-01 05:52:40', '2025-05-01 05:52:40'),
(1883, 389, 6, 60259.07, '2025-05-01 05:52:40', '2025-05-01 05:52:40'),
(1884, 390, 6, 72009.35, '2025-05-01 05:52:40', '2025-05-01 05:52:40'),
(1885, 391, 6, 43269.56, '2025-05-01 05:52:40', '2025-05-01 05:52:40'),
(1886, 392, 6, 44319.72, '2025-05-01 05:52:40', '2025-05-01 05:52:40'),
(1887, 393, 6, 75789.96, '2025-05-01 05:52:40', '2025-05-01 05:52:40'),
(1888, 394, 6, 49990.61, '2025-05-01 05:52:40', '2025-05-01 05:52:40'),
(1889, 395, 6, 66583.19, '2025-05-01 05:52:40', '2025-05-01 05:52:40'),
(1890, 396, 6, 46944.11, '2025-05-01 05:52:40', '2025-05-01 05:52:40'),
(1891, 397, 6, 18970.98, '2025-05-01 05:52:40', '2025-05-01 05:52:40'),
(1892, 398, 6, 58022.58, '2025-05-01 05:52:40', '2025-05-01 05:52:40'),
(1893, 399, 6, 37199.94, '2025-05-01 05:52:40', '2025-05-01 05:52:40'),
(1894, 400, 6, 55931.99, '2025-05-01 05:52:40', '2025-05-01 05:52:40'),
(1895, 401, 6, 32060.13, '2025-05-01 05:52:40', '2025-05-01 05:52:40'),
(1896, 402, 6, 36504.66, '2025-05-01 05:52:40', '2025-05-01 05:52:40'),
(1897, 403, 6, 70342.94, '2025-05-01 05:52:40', '2025-05-01 05:52:40'),
(1898, 405, 6, 46200.69, '2025-05-01 05:52:40', '2025-05-01 05:52:40'),
(1899, 406, 6, 63974.66, '2025-05-01 05:52:40', '2025-05-01 05:52:40'),
(1900, 407, 6, 45271.20, '2025-05-01 05:52:40', '2025-05-01 05:52:40'),
(1901, 408, 6, 18432.04, '2025-05-01 05:52:40', '2025-05-01 05:52:40'),
(1902, 409, 6, 60346.61, '2025-05-01 05:52:40', '2025-05-01 05:52:40'),
(1903, 410, 6, 50436.92, '2025-05-01 05:52:40', '2025-05-01 05:52:40'),
(1904, 411, 6, 55144.77, '2025-05-01 05:52:40', '2025-05-01 05:52:40'),
(1905, 412, 6, 48413.10, '2025-05-01 05:52:40', '2025-05-01 05:52:40'),
(1906, 413, 6, 60631.21, '2025-05-01 05:52:40', '2025-05-01 05:52:40'),
(1907, 414, 6, 21916.73, '2025-05-01 05:52:40', '2025-05-01 05:52:40'),
(1908, 415, 6, 31690.03, '2025-05-01 05:52:40', '2025-05-01 05:52:40'),
(1909, 416, 6, 16699.94, '2025-05-01 05:52:40', '2025-05-01 05:52:40'),
(1910, 417, 6, 32429.65, '2025-05-01 05:52:40', '2025-05-01 05:52:40'),
(1911, 418, 6, 36048.40, '2025-05-01 05:52:40', '2025-05-01 05:52:40'),
(1912, 419, 6, 66953.05, '2025-05-01 05:52:40', '2025-05-01 05:52:40'),
(1913, 420, 6, 30620.06, '2025-05-01 05:52:40', '2025-05-01 05:52:40'),
(2045, 3, 6, 36982.26, '2025-05-01 05:53:00', '2025-05-01 05:53:00'),
(2046, 23, 6, 55632.76, '2025-05-01 05:53:00', '2025-05-01 05:53:00'),
(2047, 43, 6, 51217.04, '2025-05-01 05:53:00', '2025-05-01 05:53:00'),
(2048, 61, 6, 53186.92, '2025-05-01 05:53:00', '2025-05-01 05:53:00'),
(2049, 62, 6, 36283.47, '2025-05-01 05:53:00', '2025-05-01 05:53:00'),
(2050, 63, 6, 65856.60, '2025-05-01 05:53:00', '2025-05-01 05:53:00'),
(2051, 64, 6, 64432.60, '2025-05-01 05:53:00', '2025-05-01 05:53:00'),
(2052, 65, 6, 48593.20, '2025-05-01 05:53:00', '2025-05-01 05:53:00'),
(2053, 66, 6, 53668.18, '2025-05-01 05:53:00', '2025-05-01 05:53:00'),
(2054, 67, 6, 46561.30, '2025-05-01 05:53:00', '2025-05-01 05:53:00'),
(2055, 68, 6, 75801.98, '2025-05-01 05:53:00', '2025-05-01 05:53:00'),
(2056, 69, 6, 43325.97, '2025-05-01 05:53:00', '2025-05-01 05:53:00'),
(2057, 70, 6, 73223.95, '2025-05-01 05:53:00', '2025-05-01 05:53:00'),
(2058, 71, 6, 40141.81, '2025-05-01 05:53:00', '2025-05-01 05:53:00'),
(2059, 72, 6, 65037.23, '2025-05-01 05:53:00', '2025-05-01 05:53:00'),
(2060, 73, 6, 48760.72, '2025-05-01 05:53:00', '2025-05-01 05:53:00'),
(2061, 74, 6, 52691.92, '2025-05-01 05:53:00', '2025-05-01 05:53:00'),
(2062, 75, 6, 41177.42, '2025-05-01 05:53:00', '2025-05-01 05:53:00'),
(2063, 76, 6, 51811.33, '2025-05-01 05:53:00', '2025-05-01 05:53:00'),
(2064, 77, 6, 59524.40, '2025-05-01 05:53:00', '2025-05-01 05:53:00'),
(2065, 78, 6, 66188.00, '2025-05-01 05:53:00', '2025-05-01 05:53:00'),
(2066, 79, 6, 36366.81, '2025-05-01 05:53:00', '2025-05-01 05:53:00'),
(2067, 80, 6, 67270.05, '2025-05-01 05:53:00', '2025-05-01 05:53:00'),
(2068, 84, 6, 71249.81, '2025-05-01 05:53:00', '2025-05-01 05:53:00'),
(2069, 104, 6, 38438.91, '2025-05-01 05:53:00', '2025-05-01 05:53:00'),
(2070, 124, 6, 62445.11, '2025-05-01 05:53:00', '2025-05-01 05:53:00'),
(2071, 144, 6, 40908.81, '2025-05-01 05:53:00', '2025-05-01 05:53:00'),
(2072, 164, 6, 61208.74, '2025-05-01 05:53:00', '2025-05-01 05:53:00'),
(2073, 184, 6, 67317.25, '2025-05-01 05:53:00', '2025-05-01 05:53:00'),
(2074, 204, 6, 36960.06, '2025-05-01 05:53:00', '2025-05-01 05:53:00'),
(2075, 224, 6, 66848.53, '2025-05-01 05:53:00', '2025-05-01 05:53:00'),
(2076, 244, 6, 67362.49, '2025-05-01 05:53:00', '2025-05-01 05:53:00'),
(2077, 264, 6, 60266.83, '2025-05-01 05:53:00', '2025-05-01 05:53:00'),
(2078, 284, 6, 63246.71, '2025-05-01 05:53:00', '2025-05-01 05:53:00'),
(2079, 304, 6, 59433.05, '2025-05-01 05:53:00', '2025-05-01 05:53:00'),
(2080, 324, 6, 71425.11, '2025-05-01 05:53:00', '2025-05-01 05:53:00'),
(2081, 344, 6, 62826.40, '2025-05-01 05:53:00', '2025-05-01 05:53:00'),
(2082, 364, 6, 63856.68, '2025-05-01 05:53:00', '2025-05-01 05:53:00'),
(2083, 384, 6, 54804.22, '2025-05-01 05:53:00', '2025-05-01 05:53:00'),
(2084, 404, 6, 46451.04, '2025-05-01 05:53:00', '2025-05-01 05:53:00'),
(2108, 3, 7, 77004.73, '2025-05-01 05:53:57', '2025-05-01 05:53:57'),
(2109, 23, 7, 75868.34, '2025-05-01 05:53:57', '2025-05-01 05:53:57'),
(2110, 43, 7, 68327.47, '2025-05-01 05:53:57', '2025-05-01 05:53:57'),
(2111, 61, 7, 68032.36, '2025-05-01 05:53:57', '2025-05-01 05:53:57'),
(2112, 62, 7, 55179.39, '2025-05-01 05:53:57', '2025-05-01 05:53:57'),
(2113, 63, 7, 59799.86, '2025-05-01 05:53:57', '2025-05-01 05:53:57'),
(2114, 64, 7, 53461.14, '2025-05-01 05:53:57', '2025-05-01 05:53:57'),
(2115, 65, 7, 75906.11, '2025-05-01 05:53:57', '2025-05-01 05:53:57'),
(2116, 66, 7, 71147.13, '2025-05-01 05:53:57', '2025-05-01 05:53:57'),
(2117, 67, 7, 48017.30, '2025-05-01 05:53:57', '2025-05-01 05:53:57'),
(2118, 68, 7, 48645.15, '2025-05-01 05:53:57', '2025-05-01 05:53:57'),
(2119, 69, 7, 53173.82, '2025-05-01 05:53:57', '2025-05-01 05:53:57'),
(2120, 70, 7, 73933.66, '2025-05-01 05:53:57', '2025-05-01 05:53:57'),
(2121, 71, 7, 62146.86, '2025-05-01 05:53:57', '2025-05-01 05:53:57'),
(2122, 72, 7, 76933.30, '2025-05-01 05:53:57', '2025-05-01 05:53:57'),
(2123, 73, 7, 50225.91, '2025-05-01 05:53:57', '2025-05-01 05:53:57'),
(2124, 74, 7, 76329.67, '2025-05-01 05:53:57', '2025-05-01 05:53:57'),
(2125, 75, 7, 48970.60, '2025-05-01 05:53:57', '2025-05-01 05:53:57'),
(2126, 76, 7, 71863.98, '2025-05-01 05:53:57', '2025-05-01 05:53:57'),
(2127, 77, 7, 64408.13, '2025-05-01 05:53:57', '2025-05-01 05:53:57'),
(2128, 78, 7, 60448.68, '2025-05-01 05:53:57', '2025-05-01 05:53:57'),
(2129, 79, 7, 63019.04, '2025-05-01 05:53:57', '2025-05-01 05:53:57'),
(2130, 80, 7, 53749.15, '2025-05-01 05:53:57', '2025-05-01 05:53:57'),
(2131, 84, 7, 67688.65, '2025-05-01 05:53:57', '2025-05-01 05:53:57'),
(2132, 104, 7, 63195.80, '2025-05-01 05:53:57', '2025-05-01 05:53:57'),
(2133, 124, 7, 66913.02, '2025-05-01 05:53:57', '2025-05-01 05:53:57'),
(2134, 144, 7, 64977.74, '2025-05-01 05:53:57', '2025-05-01 05:53:57'),
(2135, 164, 7, 78149.61, '2025-05-01 05:53:57', '2025-05-01 05:53:57'),
(2136, 184, 7, 47814.86, '2025-05-01 05:53:57', '2025-05-01 05:53:57'),
(2137, 204, 7, 60625.47, '2025-05-01 05:53:57', '2025-05-01 05:53:57'),
(2138, 224, 7, 79682.75, '2025-05-01 05:53:57', '2025-05-01 05:53:57'),
(2139, 244, 7, 68537.33, '2025-05-01 05:53:57', '2025-05-01 05:53:57'),
(2140, 264, 7, 57638.43, '2025-05-01 05:53:57', '2025-05-01 05:53:57'),
(2141, 284, 7, 70580.15, '2025-05-01 05:53:57', '2025-05-01 05:53:57'),
(2142, 304, 7, 65985.47, '2025-05-01 05:53:57', '2025-05-01 05:53:57'),
(2143, 324, 7, 72186.90, '2025-05-01 05:53:57', '2025-05-01 05:53:57'),
(2144, 344, 7, 48978.08, '2025-05-01 05:53:57', '2025-05-01 05:53:57'),
(2145, 364, 7, 50329.70, '2025-05-01 05:53:57', '2025-05-01 05:53:57'),
(2146, 384, 7, 58714.24, '2025-05-01 05:53:57', '2025-05-01 05:53:57'),
(2147, 404, 7, 62582.14, '2025-05-01 05:53:57', '2025-05-01 05:53:57');

-- --------------------------------------------------------

--
-- Table structure for table `provincias`
--

CREATE TABLE `provincias` (
  `id` bigint(20) UNSIGNED NOT NULL,
  `name` varchar(255) COLLATE utf8mb4_unicode_ci NOT NULL,
  `created_at` timestamp NULL DEFAULT NULL,
  `updated_at` timestamp NULL DEFAULT NULL
) ENGINE=InnoDB DEFAULT CHARSET=utf8mb4 COLLATE=utf8mb4_unicode_ci;

--
-- Dumping data for table `provincias`
--

INSERT INTO `provincias` (`id`, `name`, `created_at`, `updated_at`) VALUES
(1, 'Bengo', '2025-04-19 08:07:40', '2025-04-19 08:07:40'),
(2, 'Benguela', '2025-04-19 08:07:40', '2025-04-19 08:07:40'),
(3, 'Bié', '2025-04-19 08:07:40', '2025-04-19 08:07:40'),
(4, 'Cabinda', '2025-04-19 08:07:40', '2025-04-19 08:07:40'),
(5, 'Cuando', '2025-04-19 08:07:40', '2025-04-19 08:07:40'),
(6, 'Cubango', '2025-04-19 08:07:40', '2025-04-19 08:07:40'),
(7, 'Cuanza Norte', '2025-04-19 08:07:40', '2025-04-19 08:07:40'),
(8, 'Cuanza Sul', '2025-04-19 08:07:40', '2025-04-19 08:07:40'),
(9, 'Cunene', '2025-04-19 08:07:40', '2025-04-19 08:07:40'),
(10, 'Huambo', '2025-04-19 08:07:40', '2025-04-19 08:07:40'),
(11, 'Huíla', '2025-04-19 08:07:40', '2025-04-19 08:07:40'),
(12, 'Icolo e Bengo', '2025-04-19 08:07:40', '2025-04-19 08:07:40'),
(13, 'Luanda', '2025-04-19 08:07:40', '2025-04-19 08:07:40'),
(14, 'Lunda Norte', '2025-04-19 08:07:40', '2025-04-19 08:07:40'),
(15, 'Lunda Sul', '2025-04-19 08:07:40', '2025-04-19 08:07:40'),
(16, 'Malanje', '2025-04-19 08:07:40', '2025-04-19 08:07:40'),
(17, 'Moxico', '2025-04-19 08:07:40', '2025-04-19 08:07:40'),
(18, 'Muxico Leste', '2025-04-19 08:07:40', '2025-04-19 08:07:40'),
(19, 'Namibe', '2025-04-19 08:07:40', '2025-04-19 08:07:40'),
(20, 'Uíge', '2025-04-19 08:07:40', '2025-04-19 08:07:40'),
(21, 'Zaire', '2025-04-19 08:07:40', '2025-04-19 08:07:40');

-- --------------------------------------------------------

--
-- Table structure for table `rotas`
--

CREATE TABLE `rotas` (
  `id` bigint(20) UNSIGNED NOT NULL,
  `origem_id` bigint(20) NOT NULL,
  `destino_id` bigint(20) NOT NULL,
  `distancia` double DEFAULT NULL,
  `duracao` double DEFAULT NULL,
  `created_at` timestamp NULL DEFAULT NULL,
  `updated_at` timestamp NULL DEFAULT NULL
) ENGINE=InnoDB DEFAULT CHARSET=utf8mb4 COLLATE=utf8mb4_unicode_ci;

--
-- Dumping data for table `rotas`
--

INSERT INTO `rotas` (`id`, `origem_id`, `destino_id`, `distancia`, `duracao`, `created_at`, `updated_at`) VALUES
(1, 1, 2, NULL, NULL, '2025-04-19 10:01:37', '2025-04-19 10:01:37'),
(2, 1, 3, NULL, NULL, '2025-04-19 10:01:37', '2025-04-19 10:01:37'),
(3, 1, 4, NULL, NULL, '2025-04-19 10:01:37', '2025-04-19 10:01:37'),
(4, 1, 5, NULL, NULL, '2025-04-19 10:01:37', '2025-04-19 10:01:37'),
(5, 1, 6, NULL, NULL, '2025-04-19 10:01:37', '2025-04-19 10:01:37'),
(6, 1, 7, NULL, NULL, '2025-04-19 10:01:37', '2025-04-19 10:01:37'),
(7, 1, 8, NULL, NULL, '2025-04-19 10:01:37', '2025-04-19 10:01:37'),
(8, 1, 9, NULL, NULL, '2025-04-19 10:01:37', '2025-04-19 10:01:37'),
(9, 1, 10, NULL, NULL, '2025-04-19 10:01:37', '2025-04-19 10:01:37'),
(10, 1, 11, NULL, NULL, '2025-04-19 10:01:37', '2025-04-19 10:01:37'),
(11, 1, 12, NULL, NULL, '2025-04-19 10:01:37', '2025-04-19 10:01:37'),
(12, 1, 13, NULL, NULL, '2025-04-19 10:01:37', '2025-04-19 10:01:37'),
(13, 1, 14, NULL, NULL, '2025-04-19 10:01:37', '2025-04-19 10:01:37'),
(14, 1, 15, NULL, NULL, '2025-04-19 10:01:37', '2025-04-19 10:01:37'),
(15, 1, 16, NULL, NULL, '2025-04-19 10:01:37', '2025-04-19 10:01:37'),
(16, 1, 17, NULL, NULL, '2025-04-19 10:01:37', '2025-04-19 10:01:37'),
(17, 1, 18, NULL, NULL, '2025-04-19 10:01:37', '2025-04-19 10:01:37'),
(18, 1, 19, NULL, NULL, '2025-04-19 10:01:37', '2025-04-19 10:01:37'),
(19, 1, 20, NULL, NULL, '2025-04-19 10:01:37', '2025-04-19 10:01:37'),
(20, 1, 21, NULL, NULL, '2025-04-19 10:01:37', '2025-04-19 10:01:37'),
(21, 2, 1, NULL, NULL, '2025-04-19 10:01:37', '2025-04-19 10:01:37'),
(22, 2, 3, NULL, NULL, '2025-04-19 10:01:37', '2025-04-19 10:01:37'),
(23, 2, 4, NULL, NULL, '2025-04-19 10:01:37', '2025-04-19 10:01:37'),
(24, 2, 5, NULL, NULL, '2025-04-19 10:01:37', '2025-04-19 10:01:37'),
(25, 2, 6, NULL, NULL, '2025-04-19 10:01:37', '2025-04-19 10:01:37'),
(26, 2, 7, NULL, NULL, '2025-04-19 10:01:37', '2025-04-19 10:01:37'),
(27, 2, 8, NULL, NULL, '2025-04-19 10:01:37', '2025-04-19 10:01:37'),
(28, 2, 9, NULL, NULL, '2025-04-19 10:01:37', '2025-04-19 10:01:37'),
(29, 2, 10, NULL, NULL, '2025-04-19 10:01:37', '2025-04-19 10:01:37'),
(30, 2, 11, NULL, NULL, '2025-04-19 10:01:37', '2025-04-19 10:01:37'),
(31, 2, 12, NULL, NULL, '2025-04-19 10:01:37', '2025-04-19 10:01:37'),
(32, 2, 13, NULL, NULL, '2025-04-19 10:01:37', '2025-04-19 10:01:37'),
(33, 2, 14, NULL, NULL, '2025-04-19 10:01:37', '2025-04-19 10:01:37'),
(34, 2, 15, NULL, NULL, '2025-04-19 10:01:37', '2025-04-19 10:01:37'),
(35, 2, 16, NULL, NULL, '2025-04-19 10:01:37', '2025-04-19 10:01:37'),
(36, 2, 17, NULL, NULL, '2025-04-19 10:01:37', '2025-04-19 10:01:37'),
(37, 2, 18, NULL, NULL, '2025-04-19 10:01:37', '2025-04-19 10:01:37'),
(38, 2, 19, NULL, NULL, '2025-04-19 10:01:37', '2025-04-19 10:01:37'),
(39, 2, 20, NULL, NULL, '2025-04-19 10:01:37', '2025-04-19 10:01:37'),
(40, 2, 21, NULL, NULL, '2025-04-19 10:01:37', '2025-04-19 10:01:37'),
(41, 3, 1, NULL, NULL, '2025-04-19 10:01:37', '2025-04-19 10:01:37'),
(42, 3, 2, NULL, NULL, '2025-04-19 10:01:37', '2025-04-19 10:01:37'),
(43, 3, 4, NULL, NULL, '2025-04-19 10:01:37', '2025-04-19 10:01:37'),
(44, 3, 5, NULL, NULL, '2025-04-19 10:01:37', '2025-04-19 10:01:37'),
(45, 3, 6, NULL, NULL, '2025-04-19 10:01:37', '2025-04-19 10:01:37'),
(46, 3, 7, NULL, NULL, '2025-04-19 10:01:37', '2025-04-19 10:01:37'),
(47, 3, 8, NULL, NULL, '2025-04-19 10:01:37', '2025-04-19 10:01:37'),
(48, 3, 9, NULL, NULL, '2025-04-19 10:01:37', '2025-04-19 10:01:37'),
(49, 3, 10, NULL, NULL, '2025-04-19 10:01:37', '2025-04-19 10:01:37'),
(50, 3, 11, NULL, NULL, '2025-04-19 10:01:37', '2025-04-19 10:01:37'),
(51, 3, 12, NULL, NULL, '2025-04-19 10:01:37', '2025-04-19 10:01:37'),
(52, 3, 13, NULL, NULL, '2025-04-19 10:01:37', '2025-04-19 10:01:37'),
(53, 3, 14, NULL, NULL, '2025-04-19 10:01:37', '2025-04-19 10:01:37'),
(54, 3, 15, NULL, NULL, '2025-04-19 10:01:37', '2025-04-19 10:01:37'),
(55, 3, 16, NULL, NULL, '2025-04-19 10:01:37', '2025-04-19 10:01:37'),
(56, 3, 17, NULL, NULL, '2025-04-19 10:01:37', '2025-04-19 10:01:37'),
(57, 3, 18, NULL, NULL, '2025-04-19 10:01:37', '2025-04-19 10:01:37'),
(58, 3, 19, NULL, NULL, '2025-04-19 10:01:37', '2025-04-19 10:01:37'),
(59, 3, 20, NULL, NULL, '2025-04-19 10:01:37', '2025-04-19 10:01:37'),
(60, 3, 21, NULL, NULL, '2025-04-19 10:01:37', '2025-04-19 10:01:37'),
(61, 4, 1, NULL, NULL, '2025-04-19 10:01:37', '2025-04-19 10:01:37'),
(62, 4, 2, NULL, NULL, '2025-04-19 10:01:37', '2025-04-19 10:01:37'),
(63, 4, 3, NULL, NULL, '2025-04-19 10:01:37', '2025-04-19 10:01:37'),
(64, 4, 5, NULL, NULL, '2025-04-19 10:01:37', '2025-04-19 10:01:37'),
(65, 4, 6, NULL, NULL, '2025-04-19 10:01:37', '2025-04-19 10:01:37'),
(66, 4, 7, NULL, NULL, '2025-04-19 10:01:37', '2025-04-19 10:01:37'),
(67, 4, 8, NULL, NULL, '2025-04-19 10:01:37', '2025-04-19 10:01:37'),
(68, 4, 9, NULL, NULL, '2025-04-19 10:01:37', '2025-04-19 10:01:37'),
(69, 4, 10, NULL, NULL, '2025-04-19 10:01:37', '2025-04-19 10:01:37'),
(70, 4, 11, NULL, NULL, '2025-04-19 10:01:37', '2025-04-19 10:01:37'),
(71, 4, 12, NULL, NULL, '2025-04-19 10:01:37', '2025-04-19 10:01:37'),
(72, 4, 13, NULL, NULL, '2025-04-19 10:01:37', '2025-04-19 10:01:37'),
(73, 4, 14, NULL, NULL, '2025-04-19 10:01:37', '2025-04-19 10:01:37'),
(74, 4, 15, NULL, NULL, '2025-04-19 10:01:37', '2025-04-19 10:01:37'),
(75, 4, 16, NULL, NULL, '2025-04-19 10:01:37', '2025-04-19 10:01:37'),
(76, 4, 17, NULL, NULL, '2025-04-19 10:01:37', '2025-04-19 10:01:37'),
(77, 4, 18, NULL, NULL, '2025-04-19 10:01:37', '2025-04-19 10:01:37'),
(78, 4, 19, NULL, NULL, '2025-04-19 10:01:37', '2025-04-19 10:01:37'),
(79, 4, 20, NULL, NULL, '2025-04-19 10:01:37', '2025-04-19 10:01:37'),
(80, 4, 21, NULL, NULL, '2025-04-19 10:01:37', '2025-04-19 10:01:37'),
(81, 5, 1, NULL, NULL, '2025-04-19 10:01:37', '2025-04-19 10:01:37'),
(82, 5, 2, NULL, NULL, '2025-04-19 10:01:37', '2025-04-19 10:01:37'),
(83, 5, 3, NULL, NULL, '2025-04-19 10:01:37', '2025-04-19 10:01:37'),
(84, 5, 4, NULL, NULL, '2025-04-19 10:01:37', '2025-04-19 10:01:37'),
(85, 5, 6, NULL, NULL, '2025-04-19 10:01:37', '2025-04-19 10:01:37'),
(86, 5, 7, NULL, NULL, '2025-04-19 10:01:37', '2025-04-19 10:01:37'),
(87, 5, 8, NULL, NULL, '2025-04-19 10:01:37', '2025-04-19 10:01:37'),
(88, 5, 9, NULL, NULL, '2025-04-19 10:01:37', '2025-04-19 10:01:37'),
(89, 5, 10, NULL, NULL, '2025-04-19 10:01:37', '2025-04-19 10:01:37'),
(90, 5, 11, NULL, NULL, '2025-04-19 10:01:37', '2025-04-19 10:01:37'),
(91, 5, 12, NULL, NULL, '2025-04-19 10:01:37', '2025-04-19 10:01:37'),
(92, 5, 13, NULL, NULL, '2025-04-19 10:01:37', '2025-04-19 10:01:37'),
(93, 5, 14, NULL, NULL, '2025-04-19 10:01:37', '2025-04-19 10:01:37'),
(94, 5, 15, NULL, NULL, '2025-04-19 10:01:37', '2025-04-19 10:01:37'),
(95, 5, 16, NULL, NULL, '2025-04-19 10:01:37', '2025-04-19 10:01:37'),
(96, 5, 17, NULL, NULL, '2025-04-19 10:01:37', '2025-04-19 10:01:37'),
(97, 5, 18, NULL, NULL, '2025-04-19 10:01:37', '2025-04-19 10:01:37'),
(98, 5, 19, NULL, NULL, '2025-04-19 10:01:37', '2025-04-19 10:01:37'),
(99, 5, 20, NULL, NULL, '2025-04-19 10:01:37', '2025-04-19 10:01:37'),
(100, 5, 21, NULL, NULL, '2025-04-19 10:01:37', '2025-04-19 10:01:37'),
(101, 6, 1, NULL, NULL, '2025-04-19 10:01:37', '2025-04-19 10:01:37'),
(102, 6, 2, NULL, NULL, '2025-04-19 10:01:37', '2025-04-19 10:01:37'),
(103, 6, 3, NULL, NULL, '2025-04-19 10:01:37', '2025-04-19 10:01:37'),
(104, 6, 4, NULL, NULL, '2025-04-19 10:01:37', '2025-04-19 10:01:37'),
(105, 6, 5, NULL, NULL, '2025-04-19 10:01:37', '2025-04-19 10:01:37'),
(106, 6, 7, NULL, NULL, '2025-04-19 10:01:37', '2025-04-19 10:01:37'),
(107, 6, 8, NULL, NULL, '2025-04-19 10:01:37', '2025-04-19 10:01:37'),
(108, 6, 9, NULL, NULL, '2025-04-19 10:01:37', '2025-04-19 10:01:37'),
(109, 6, 10, NULL, NULL, '2025-04-19 10:01:37', '2025-04-19 10:01:37'),
(110, 6, 11, NULL, NULL, '2025-04-19 10:01:37', '2025-04-19 10:01:37'),
(111, 6, 12, NULL, NULL, '2025-04-19 10:01:37', '2025-04-19 10:01:37'),
(112, 6, 13, NULL, NULL, '2025-04-19 10:01:37', '2025-04-19 10:01:37'),
(113, 6, 14, NULL, NULL, '2025-04-19 10:01:37', '2025-04-19 10:01:37'),
(114, 6, 15, NULL, NULL, '2025-04-19 10:01:37', '2025-04-19 10:01:37'),
(115, 6, 16, NULL, NULL, '2025-04-19 10:01:37', '2025-04-19 10:01:37'),
(116, 6, 17, NULL, NULL, '2025-04-19 10:01:37', '2025-04-19 10:01:37'),
(117, 6, 18, NULL, NULL, '2025-04-19 10:01:37', '2025-04-19 10:01:37'),
(118, 6, 19, NULL, NULL, '2025-04-19 10:01:37', '2025-04-19 10:01:37'),
(119, 6, 20, NULL, NULL, '2025-04-19 10:01:37', '2025-04-19 10:01:37'),
(120, 6, 21, NULL, NULL, '2025-04-19 10:01:37', '2025-04-19 10:01:37'),
(121, 7, 1, NULL, NULL, '2025-04-19 10:01:37', '2025-04-19 10:01:37'),
(122, 7, 2, NULL, NULL, '2025-04-19 10:01:37', '2025-04-19 10:01:37'),
(123, 7, 3, NULL, NULL, '2025-04-19 10:01:37', '2025-04-19 10:01:37'),
(124, 7, 4, NULL, NULL, '2025-04-19 10:01:37', '2025-04-19 10:01:37'),
(125, 7, 5, NULL, NULL, '2025-04-19 10:01:37', '2025-04-19 10:01:37'),
(126, 7, 6, NULL, NULL, '2025-04-19 10:01:37', '2025-04-19 10:01:37'),
(127, 7, 8, NULL, NULL, '2025-04-19 10:01:37', '2025-04-19 10:01:37'),
(128, 7, 9, NULL, NULL, '2025-04-19 10:01:37', '2025-04-19 10:01:37'),
(129, 7, 10, NULL, NULL, '2025-04-19 10:01:37', '2025-04-19 10:01:37'),
(130, 7, 11, NULL, NULL, '2025-04-19 10:01:37', '2025-04-19 10:01:37'),
(131, 7, 12, NULL, NULL, '2025-04-19 10:01:37', '2025-04-19 10:01:37'),
(132, 7, 13, NULL, NULL, '2025-04-19 10:01:37', '2025-04-19 10:01:37'),
(133, 7, 14, NULL, NULL, '2025-04-19 10:01:37', '2025-04-19 10:01:37'),
(134, 7, 15, NULL, NULL, '2025-04-19 10:01:37', '2025-04-19 10:01:37'),
(135, 7, 16, NULL, NULL, '2025-04-19 10:01:37', '2025-04-19 10:01:37'),
(136, 7, 17, NULL, NULL, '2025-04-19 10:01:37', '2025-04-19 10:01:37'),
(137, 7, 18, NULL, NULL, '2025-04-19 10:01:37', '2025-04-19 10:01:37'),
(138, 7, 19, NULL, NULL, '2025-04-19 10:01:37', '2025-04-19 10:01:37'),
(139, 7, 20, NULL, NULL, '2025-04-19 10:01:37', '2025-04-19 10:01:37'),
(140, 7, 21, NULL, NULL, '2025-04-19 10:01:37', '2025-04-19 10:01:37'),
(141, 8, 1, NULL, NULL, '2025-04-19 10:01:37', '2025-04-19 10:01:37'),
(142, 8, 2, NULL, NULL, '2025-04-19 10:01:37', '2025-04-19 10:01:37'),
(143, 8, 3, NULL, NULL, '2025-04-19 10:01:37', '2025-04-19 10:01:37'),
(144, 8, 4, NULL, NULL, '2025-04-19 10:01:37', '2025-04-19 10:01:37'),
(145, 8, 5, NULL, NULL, '2025-04-19 10:01:37', '2025-04-19 10:01:37'),
(146, 8, 6, NULL, NULL, '2025-04-19 10:01:37', '2025-04-19 10:01:37'),
(147, 8, 7, NULL, NULL, '2025-04-19 10:01:37', '2025-04-19 10:01:37'),
(148, 8, 9, NULL, NULL, '2025-04-19 10:01:37', '2025-04-19 10:01:37'),
(149, 8, 10, NULL, NULL, '2025-04-19 10:01:37', '2025-04-19 10:01:37'),
(150, 8, 11, NULL, NULL, '2025-04-19 10:01:37', '2025-04-19 10:01:37'),
(151, 8, 12, NULL, NULL, '2025-04-19 10:01:37', '2025-04-19 10:01:37'),
(152, 8, 13, NULL, NULL, '2025-04-19 10:01:37', '2025-04-19 10:01:37'),
(153, 8, 14, NULL, NULL, '2025-04-19 10:01:37', '2025-04-19 10:01:37'),
(154, 8, 15, NULL, NULL, '2025-04-19 10:01:37', '2025-04-19 10:01:37'),
(155, 8, 16, NULL, NULL, '2025-04-19 10:01:37', '2025-04-19 10:01:37'),
(156, 8, 17, NULL, NULL, '2025-04-19 10:01:37', '2025-04-19 10:01:37'),
(157, 8, 18, NULL, NULL, '2025-04-19 10:01:37', '2025-04-19 10:01:37'),
(158, 8, 19, NULL, NULL, '2025-04-19 10:01:37', '2025-04-19 10:01:37'),
(159, 8, 20, NULL, NULL, '2025-04-19 10:01:37', '2025-04-19 10:01:37'),
(160, 8, 21, NULL, NULL, '2025-04-19 10:01:37', '2025-04-19 10:01:37'),
(161, 9, 1, NULL, NULL, '2025-04-19 10:01:37', '2025-04-19 10:01:37'),
(162, 9, 2, NULL, NULL, '2025-04-19 10:01:37', '2025-04-19 10:01:37'),
(163, 9, 3, NULL, NULL, '2025-04-19 10:01:37', '2025-04-19 10:01:37'),
(164, 9, 4, NULL, NULL, '2025-04-19 10:01:37', '2025-04-19 10:01:37'),
(165, 9, 5, NULL, NULL, '2025-04-19 10:01:37', '2025-04-19 10:01:37'),
(166, 9, 6, NULL, NULL, '2025-04-19 10:01:37', '2025-04-19 10:01:37'),
(167, 9, 7, NULL, NULL, '2025-04-19 10:01:37', '2025-04-19 10:01:37'),
(168, 9, 8, NULL, NULL, '2025-04-19 10:01:37', '2025-04-19 10:01:37'),
(169, 9, 10, NULL, NULL, '2025-04-19 10:01:37', '2025-04-19 10:01:37'),
(170, 9, 11, NULL, NULL, '2025-04-19 10:01:37', '2025-04-19 10:01:37'),
(171, 9, 12, NULL, NULL, '2025-04-19 10:01:37', '2025-04-19 10:01:37'),
(172, 9, 13, NULL, NULL, '2025-04-19 10:01:37', '2025-04-19 10:01:37'),
(173, 9, 14, NULL, NULL, '2025-04-19 10:01:37', '2025-04-19 10:01:37'),
(174, 9, 15, NULL, NULL, '2025-04-19 10:01:37', '2025-04-19 10:01:37'),
(175, 9, 16, NULL, NULL, '2025-04-19 10:01:37', '2025-04-19 10:01:37'),
(176, 9, 17, NULL, NULL, '2025-04-19 10:01:37', '2025-04-19 10:01:37'),
(177, 9, 18, NULL, NULL, '2025-04-19 10:01:37', '2025-04-19 10:01:37'),
(178, 9, 19, NULL, NULL, '2025-04-19 10:01:37', '2025-04-19 10:01:37'),
(179, 9, 20, NULL, NULL, '2025-04-19 10:01:37', '2025-04-19 10:01:37'),
(180, 9, 21, NULL, NULL, '2025-04-19 10:01:37', '2025-04-19 10:01:37'),
(181, 10, 1, NULL, NULL, '2025-04-19 10:01:37', '2025-04-19 10:01:37'),
(182, 10, 2, NULL, NULL, '2025-04-19 10:01:37', '2025-04-19 10:01:37'),
(183, 10, 3, NULL, NULL, '2025-04-19 10:01:37', '2025-04-19 10:01:37'),
(184, 10, 4, NULL, NULL, '2025-04-19 10:01:37', '2025-04-19 10:01:37'),
(185, 10, 5, NULL, NULL, '2025-04-19 10:01:37', '2025-04-19 10:01:37'),
(186, 10, 6, NULL, NULL, '2025-04-19 10:01:37', '2025-04-19 10:01:37'),
(187, 10, 7, NULL, NULL, '2025-04-19 10:01:37', '2025-04-19 10:01:37'),
(188, 10, 8, NULL, NULL, '2025-04-19 10:01:37', '2025-04-19 10:01:37'),
(189, 10, 9, NULL, NULL, '2025-04-19 10:01:37', '2025-04-19 10:01:37'),
(190, 10, 11, NULL, NULL, '2025-04-19 10:01:37', '2025-04-19 10:01:37'),
(191, 10, 12, NULL, NULL, '2025-04-19 10:01:37', '2025-04-19 10:01:37'),
(192, 10, 13, NULL, NULL, '2025-04-19 10:01:37', '2025-04-19 10:01:37'),
(193, 10, 14, NULL, NULL, '2025-04-19 10:01:37', '2025-04-19 10:01:37'),
(194, 10, 15, NULL, NULL, '2025-04-19 10:01:37', '2025-04-19 10:01:37'),
(195, 10, 16, NULL, NULL, '2025-04-19 10:01:37', '2025-04-19 10:01:37'),
(196, 10, 17, NULL, NULL, '2025-04-19 10:01:37', '2025-04-19 10:01:37'),
(197, 10, 18, NULL, NULL, '2025-04-19 10:01:37', '2025-04-19 10:01:37'),
(198, 10, 19, NULL, NULL, '2025-04-19 10:01:37', '2025-04-19 10:01:37'),
(199, 10, 20, NULL, NULL, '2025-04-19 10:01:37', '2025-04-19 10:01:37'),
(200, 10, 21, NULL, NULL, '2025-04-19 10:01:37', '2025-04-19 10:01:37'),
(201, 11, 1, NULL, NULL, '2025-04-19 10:01:37', '2025-04-19 10:01:37'),
(202, 11, 2, NULL, NULL, '2025-04-19 10:01:37', '2025-04-19 10:01:37'),
(203, 11, 3, NULL, NULL, '2025-04-19 10:01:37', '2025-04-19 10:01:37'),
(204, 11, 4, NULL, NULL, '2025-04-19 10:01:37', '2025-04-19 10:01:37'),
(205, 11, 5, NULL, NULL, '2025-04-19 10:01:37', '2025-04-19 10:01:37'),
(206, 11, 6, NULL, NULL, '2025-04-19 10:01:37', '2025-04-19 10:01:37'),
(207, 11, 7, NULL, NULL, '2025-04-19 10:01:37', '2025-04-19 10:01:37'),
(208, 11, 8, NULL, NULL, '2025-04-19 10:01:37', '2025-04-19 10:01:37'),
(209, 11, 9, NULL, NULL, '2025-04-19 10:01:37', '2025-04-19 10:01:37'),
(210, 11, 10, NULL, NULL, '2025-04-19 10:01:37', '2025-04-19 10:01:37'),
(211, 11, 12, NULL, NULL, '2025-04-19 10:01:37', '2025-04-19 10:01:37'),
(212, 11, 13, NULL, NULL, '2025-04-19 10:01:37', '2025-04-19 10:01:37'),
(213, 11, 14, NULL, NULL, '2025-04-19 10:01:37', '2025-04-19 10:01:37'),
(214, 11, 15, NULL, NULL, '2025-04-19 10:01:37', '2025-04-19 10:01:37'),
(215, 11, 16, NULL, NULL, '2025-04-19 10:01:37', '2025-04-19 10:01:37'),
(216, 11, 17, NULL, NULL, '2025-04-19 10:01:37', '2025-04-19 10:01:37'),
(217, 11, 18, NULL, NULL, '2025-04-19 10:01:37', '2025-04-19 10:01:37'),
(218, 11, 19, NULL, NULL, '2025-04-19 10:01:37', '2025-04-19 10:01:37'),
(219, 11, 20, NULL, NULL, '2025-04-19 10:01:37', '2025-04-19 10:01:37'),
(220, 11, 21, NULL, NULL, '2025-04-19 10:01:37', '2025-04-19 10:01:37'),
(221, 12, 1, NULL, NULL, '2025-04-19 10:01:37', '2025-04-19 10:01:37'),
(222, 12, 2, NULL, NULL, '2025-04-19 10:01:37', '2025-04-19 10:01:37'),
(223, 12, 3, NULL, NULL, '2025-04-19 10:01:37', '2025-04-19 10:01:37'),
(224, 12, 4, NULL, NULL, '2025-04-19 10:01:37', '2025-04-19 10:01:37'),
(225, 12, 5, NULL, NULL, '2025-04-19 10:01:37', '2025-04-19 10:01:37'),
(226, 12, 6, NULL, NULL, '2025-04-19 10:01:37', '2025-04-19 10:01:37'),
(227, 12, 7, NULL, NULL, '2025-04-19 10:01:37', '2025-04-19 10:01:37'),
(228, 12, 8, NULL, NULL, '2025-04-19 10:01:37', '2025-04-19 10:01:37'),
(229, 12, 9, NULL, NULL, '2025-04-19 10:01:37', '2025-04-19 10:01:37'),
(230, 12, 10, NULL, NULL, '2025-04-19 10:01:37', '2025-04-19 10:01:37'),
(231, 12, 11, NULL, NULL, '2025-04-19 10:01:37', '2025-04-19 10:01:37'),
(232, 12, 13, NULL, NULL, '2025-04-19 10:01:37', '2025-04-19 10:01:37'),
(233, 12, 14, NULL, NULL, '2025-04-19 10:01:37', '2025-04-19 10:01:37'),
(234, 12, 15, NULL, NULL, '2025-04-19 10:01:37', '2025-04-19 10:01:37'),
(235, 12, 16, NULL, NULL, '2025-04-19 10:01:37', '2025-04-19 10:01:37'),
(236, 12, 17, NULL, NULL, '2025-04-19 10:01:37', '2025-04-19 10:01:37'),
(237, 12, 18, NULL, NULL, '2025-04-19 10:01:37', '2025-04-19 10:01:37'),
(238, 12, 19, NULL, NULL, '2025-04-19 10:01:37', '2025-04-19 10:01:37'),
(239, 12, 20, NULL, NULL, '2025-04-19 10:01:37', '2025-04-19 10:01:37'),
(240, 12, 21, NULL, NULL, '2025-04-19 10:01:37', '2025-04-19 10:01:37'),
(241, 13, 1, NULL, NULL, '2025-04-19 10:01:37', '2025-04-19 10:01:37'),
(242, 13, 2, NULL, NULL, '2025-04-19 10:01:37', '2025-04-19 10:01:37'),
(243, 13, 3, NULL, NULL, '2025-04-19 10:01:37', '2025-04-19 10:01:37'),
(244, 13, 4, NULL, NULL, '2025-04-19 10:01:37', '2025-04-19 10:01:37'),
(245, 13, 5, NULL, NULL, '2025-04-19 10:01:37', '2025-04-19 10:01:37'),
(246, 13, 6, NULL, NULL, '2025-04-19 10:01:37', '2025-04-19 10:01:37'),
(247, 13, 7, NULL, NULL, '2025-04-19 10:01:37', '2025-04-19 10:01:37'),
(248, 13, 8, NULL, NULL, '2025-04-19 10:01:37', '2025-04-19 10:01:37'),
(249, 13, 9, NULL, NULL, '2025-04-19 10:01:37', '2025-04-19 10:01:37'),
(250, 13, 10, NULL, NULL, '2025-04-19 10:01:37', '2025-04-19 10:01:37'),
(251, 13, 11, NULL, NULL, '2025-04-19 10:01:37', '2025-04-19 10:01:37'),
(252, 13, 12, NULL, NULL, '2025-04-19 10:01:37', '2025-04-19 10:01:37'),
(253, 13, 14, NULL, NULL, '2025-04-19 10:01:37', '2025-04-19 10:01:37'),
(254, 13, 15, NULL, NULL, '2025-04-19 10:01:37', '2025-04-19 10:01:37'),
(255, 13, 16, NULL, NULL, '2025-04-19 10:01:37', '2025-04-19 10:01:37'),
(256, 13, 17, NULL, NULL, '2025-04-19 10:01:37', '2025-04-19 10:01:37'),
(257, 13, 18, NULL, NULL, '2025-04-19 10:01:37', '2025-04-19 10:01:37'),
(258, 13, 19, NULL, NULL, '2025-04-19 10:01:37', '2025-04-19 10:01:37'),
(259, 13, 20, NULL, NULL, '2025-04-19 10:01:37', '2025-04-19 10:01:37'),
(260, 13, 21, NULL, NULL, '2025-04-19 10:01:37', '2025-04-19 10:01:37'),
(261, 14, 1, NULL, NULL, '2025-04-19 10:01:37', '2025-04-19 10:01:37'),
(262, 14, 2, NULL, NULL, '2025-04-19 10:01:37', '2025-04-19 10:01:37'),
(263, 14, 3, NULL, NULL, '2025-04-19 10:01:37', '2025-04-19 10:01:37'),
(264, 14, 4, NULL, NULL, '2025-04-19 10:01:37', '2025-04-19 10:01:37'),
(265, 14, 5, NULL, NULL, '2025-04-19 10:01:37', '2025-04-19 10:01:37'),
(266, 14, 6, NULL, NULL, '2025-04-19 10:01:37', '2025-04-19 10:01:37'),
(267, 14, 7, NULL, NULL, '2025-04-19 10:01:37', '2025-04-19 10:01:37'),
(268, 14, 8, NULL, NULL, '2025-04-19 10:01:37', '2025-04-19 10:01:37'),
(269, 14, 9, NULL, NULL, '2025-04-19 10:01:37', '2025-04-19 10:01:37'),
(270, 14, 10, NULL, NULL, '2025-04-19 10:01:37', '2025-04-19 10:01:37'),
(271, 14, 11, NULL, NULL, '2025-04-19 10:01:37', '2025-04-19 10:01:37'),
(272, 14, 12, NULL, NULL, '2025-04-19 10:01:37', '2025-04-19 10:01:37'),
(273, 14, 13, NULL, NULL, '2025-04-19 10:01:37', '2025-04-19 10:01:37'),
(274, 14, 15, NULL, NULL, '2025-04-19 10:01:37', '2025-04-19 10:01:37'),
(275, 14, 16, NULL, NULL, '2025-04-19 10:01:37', '2025-04-19 10:01:37'),
(276, 14, 17, NULL, NULL, '2025-04-19 10:01:37', '2025-04-19 10:01:37'),
(277, 14, 18, NULL, NULL, '2025-04-19 10:01:37', '2025-04-19 10:01:37'),
(278, 14, 19, NULL, NULL, '2025-04-19 10:01:37', '2025-04-19 10:01:37'),
(279, 14, 20, NULL, NULL, '2025-04-19 10:01:37', '2025-04-19 10:01:37'),
(280, 14, 21, NULL, NULL, '2025-04-19 10:01:37', '2025-04-19 10:01:37'),
(281, 15, 1, NULL, NULL, '2025-04-19 10:01:37', '2025-04-19 10:01:37'),
(282, 15, 2, NULL, NULL, '2025-04-19 10:01:37', '2025-04-19 10:01:37'),
(283, 15, 3, NULL, NULL, '2025-04-19 10:01:37', '2025-04-19 10:01:37'),
(284, 15, 4, NULL, NULL, '2025-04-19 10:01:37', '2025-04-19 10:01:37'),
(285, 15, 5, NULL, NULL, '2025-04-19 10:01:37', '2025-04-19 10:01:37'),
(286, 15, 6, NULL, NULL, '2025-04-19 10:01:37', '2025-04-19 10:01:37'),
(287, 15, 7, NULL, NULL, '2025-04-19 10:01:37', '2025-04-19 10:01:37'),
(288, 15, 8, NULL, NULL, '2025-04-19 10:01:37', '2025-04-19 10:01:37'),
(289, 15, 9, NULL, NULL, '2025-04-19 10:01:37', '2025-04-19 10:01:37'),
(290, 15, 10, NULL, NULL, '2025-04-19 10:01:37', '2025-04-19 10:01:37'),
(291, 15, 11, NULL, NULL, '2025-04-19 10:01:37', '2025-04-19 10:01:37'),
(292, 15, 12, NULL, NULL, '2025-04-19 10:01:37', '2025-04-19 10:01:37'),
(293, 15, 13, NULL, NULL, '2025-04-19 10:01:37', '2025-04-19 10:01:37'),
(294, 15, 14, NULL, NULL, '2025-04-19 10:01:37', '2025-04-19 10:01:37'),
(295, 15, 16, NULL, NULL, '2025-04-19 10:01:37', '2025-04-19 10:01:37'),
(296, 15, 17, NULL, NULL, '2025-04-19 10:01:37', '2025-04-19 10:01:37'),
(297, 15, 18, NULL, NULL, '2025-04-19 10:01:37', '2025-04-19 10:01:37'),
(298, 15, 19, NULL, NULL, '2025-04-19 10:01:37', '2025-04-19 10:01:37'),
(299, 15, 20, NULL, NULL, '2025-04-19 10:01:37', '2025-04-19 10:01:37'),
(300, 15, 21, NULL, NULL, '2025-04-19 10:01:37', '2025-04-19 10:01:37'),
(301, 16, 1, NULL, NULL, '2025-04-19 10:01:37', '2025-04-19 10:01:37'),
(302, 16, 2, NULL, NULL, '2025-04-19 10:01:37', '2025-04-19 10:01:37'),
(303, 16, 3, NULL, NULL, '2025-04-19 10:01:37', '2025-04-19 10:01:37'),
(304, 16, 4, NULL, NULL, '2025-04-19 10:01:37', '2025-04-19 10:01:37'),
(305, 16, 5, NULL, NULL, '2025-04-19 10:01:37', '2025-04-19 10:01:37'),
(306, 16, 6, NULL, NULL, '2025-04-19 10:01:37', '2025-04-19 10:01:37'),
(307, 16, 7, NULL, NULL, '2025-04-19 10:01:37', '2025-04-19 10:01:37'),
(308, 16, 8, NULL, NULL, '2025-04-19 10:01:37', '2025-04-19 10:01:37'),
(309, 16, 9, NULL, NULL, '2025-04-19 10:01:37', '2025-04-19 10:01:37'),
(310, 16, 10, NULL, NULL, '2025-04-19 10:01:37', '2025-04-19 10:01:37'),
(311, 16, 11, NULL, NULL, '2025-04-19 10:01:37', '2025-04-19 10:01:37'),
(312, 16, 12, NULL, NULL, '2025-04-19 10:01:37', '2025-04-19 10:01:37'),
(313, 16, 13, NULL, NULL, '2025-04-19 10:01:37', '2025-04-19 10:01:37'),
(314, 16, 14, NULL, NULL, '2025-04-19 10:01:37', '2025-04-19 10:01:37'),
(315, 16, 15, NULL, NULL, '2025-04-19 10:01:37', '2025-04-19 10:01:37'),
(316, 16, 17, NULL, NULL, '2025-04-19 10:01:37', '2025-04-19 10:01:37'),
(317, 16, 18, NULL, NULL, '2025-04-19 10:01:37', '2025-04-19 10:01:37'),
(318, 16, 19, NULL, NULL, '2025-04-19 10:01:37', '2025-04-19 10:01:37'),
(319, 16, 20, NULL, NULL, '2025-04-19 10:01:37', '2025-04-19 10:01:37'),
(320, 16, 21, NULL, NULL, '2025-04-19 10:01:37', '2025-04-19 10:01:37'),
(321, 17, 1, NULL, NULL, '2025-04-19 10:01:37', '2025-04-19 10:01:37'),
(322, 17, 2, NULL, NULL, '2025-04-19 10:01:37', '2025-04-19 10:01:37'),
(323, 17, 3, NULL, NULL, '2025-04-19 10:01:37', '2025-04-19 10:01:37'),
(324, 17, 4, NULL, NULL, '2025-04-19 10:01:37', '2025-04-19 10:01:37'),
(325, 17, 5, NULL, NULL, '2025-04-19 10:01:37', '2025-04-19 10:01:37'),
(326, 17, 6, NULL, NULL, '2025-04-19 10:01:37', '2025-04-19 10:01:37'),
(327, 17, 7, NULL, NULL, '2025-04-19 10:01:37', '2025-04-19 10:01:37'),
(328, 17, 8, NULL, NULL, '2025-04-19 10:01:37', '2025-04-19 10:01:37'),
(329, 17, 9, NULL, NULL, '2025-04-19 10:01:37', '2025-04-19 10:01:37'),
(330, 17, 10, NULL, NULL, '2025-04-19 10:01:37', '2025-04-19 10:01:37'),
(331, 17, 11, NULL, NULL, '2025-04-19 10:01:37', '2025-04-19 10:01:37'),
(332, 17, 12, NULL, NULL, '2025-04-19 10:01:37', '2025-04-19 10:01:37'),
(333, 17, 13, NULL, NULL, '2025-04-19 10:01:37', '2025-04-19 10:01:37'),
(334, 17, 14, NULL, NULL, '2025-04-19 10:01:37', '2025-04-19 10:01:37'),
(335, 17, 15, NULL, NULL, '2025-04-19 10:01:37', '2025-04-19 10:01:37'),
(336, 17, 16, NULL, NULL, '2025-04-19 10:01:37', '2025-04-19 10:01:37'),
(337, 17, 18, NULL, NULL, '2025-04-19 10:01:37', '2025-04-19 10:01:37'),
(338, 17, 19, NULL, NULL, '2025-04-19 10:01:37', '2025-04-19 10:01:37'),
(339, 17, 20, NULL, NULL, '2025-04-19 10:01:37', '2025-04-19 10:01:37'),
(340, 17, 21, NULL, NULL, '2025-04-19 10:01:37', '2025-04-19 10:01:37'),
(341, 18, 1, NULL, NULL, '2025-04-19 10:01:37', '2025-04-19 10:01:37'),
(342, 18, 2, NULL, NULL, '2025-04-19 10:01:37', '2025-04-19 10:01:37'),
(343, 18, 3, NULL, NULL, '2025-04-19 10:01:37', '2025-04-19 10:01:37'),
(344, 18, 4, NULL, NULL, '2025-04-19 10:01:37', '2025-04-19 10:01:37'),
(345, 18, 5, NULL, NULL, '2025-04-19 10:01:37', '2025-04-19 10:01:37'),
(346, 18, 6, NULL, NULL, '2025-04-19 10:01:37', '2025-04-19 10:01:37'),
(347, 18, 7, NULL, NULL, '2025-04-19 10:01:37', '2025-04-19 10:01:37'),
(348, 18, 8, NULL, NULL, '2025-04-19 10:01:37', '2025-04-19 10:01:37'),
(349, 18, 9, NULL, NULL, '2025-04-19 10:01:37', '2025-04-19 10:01:37'),
(350, 18, 10, NULL, NULL, '2025-04-19 10:01:37', '2025-04-19 10:01:37'),
(351, 18, 11, NULL, NULL, '2025-04-19 10:01:37', '2025-04-19 10:01:37'),
(352, 18, 12, NULL, NULL, '2025-04-19 10:01:37', '2025-04-19 10:01:37'),
(353, 18, 13, NULL, NULL, '2025-04-19 10:01:37', '2025-04-19 10:01:37'),
(354, 18, 14, NULL, NULL, '2025-04-19 10:01:37', '2025-04-19 10:01:37'),
(355, 18, 15, NULL, NULL, '2025-04-19 10:01:37', '2025-04-19 10:01:37'),
(356, 18, 16, NULL, NULL, '2025-04-19 10:01:37', '2025-04-19 10:01:37'),
(357, 18, 17, NULL, NULL, '2025-04-19 10:01:37', '2025-04-19 10:01:37'),
(358, 18, 19, NULL, NULL, '2025-04-19 10:01:37', '2025-04-19 10:01:37'),
(359, 18, 20, NULL, NULL, '2025-04-19 10:01:37', '2025-04-19 10:01:37'),
(360, 18, 21, NULL, NULL, '2025-04-19 10:01:37', '2025-04-19 10:01:37'),
(361, 19, 1, NULL, NULL, '2025-04-19 10:01:37', '2025-04-19 10:01:37'),
(362, 19, 2, NULL, NULL, '2025-04-19 10:01:37', '2025-04-19 10:01:37'),
(363, 19, 3, NULL, NULL, '2025-04-19 10:01:37', '2025-04-19 10:01:37'),
(364, 19, 4, NULL, NULL, '2025-04-19 10:01:37', '2025-04-19 10:01:37'),
(365, 19, 5, NULL, NULL, '2025-04-19 10:01:37', '2025-04-19 10:01:37'),
(366, 19, 6, NULL, NULL, '2025-04-19 10:01:37', '2025-04-19 10:01:37'),
(367, 19, 7, NULL, NULL, '2025-04-19 10:01:37', '2025-04-19 10:01:37'),
(368, 19, 8, NULL, NULL, '2025-04-19 10:01:37', '2025-04-19 10:01:37'),
(369, 19, 9, NULL, NULL, '2025-04-19 10:01:37', '2025-04-19 10:01:37'),
(370, 19, 10, NULL, NULL, '2025-04-19 10:01:37', '2025-04-19 10:01:37'),
(371, 19, 11, NULL, NULL, '2025-04-19 10:01:37', '2025-04-19 10:01:37'),
(372, 19, 12, NULL, NULL, '2025-04-19 10:01:37', '2025-04-19 10:01:37'),
(373, 19, 13, NULL, NULL, '2025-04-19 10:01:37', '2025-04-19 10:01:37'),
(374, 19, 14, NULL, NULL, '2025-04-19 10:01:37', '2025-04-19 10:01:37'),
(375, 19, 15, NULL, NULL, '2025-04-19 10:01:37', '2025-04-19 10:01:37'),
(376, 19, 16, NULL, NULL, '2025-04-19 10:01:37', '2025-04-19 10:01:37'),
(377, 19, 17, NULL, NULL, '2025-04-19 10:01:37', '2025-04-19 10:01:37'),
(378, 19, 18, NULL, NULL, '2025-04-19 10:01:37', '2025-04-19 10:01:37'),
(379, 19, 20, NULL, NULL, '2025-04-19 10:01:37', '2025-04-19 10:01:37'),
(380, 19, 21, NULL, NULL, '2025-04-19 10:01:37', '2025-04-19 10:01:37'),
(381, 20, 1, NULL, NULL, '2025-04-19 10:01:37', '2025-04-19 10:01:37'),
(382, 20, 2, NULL, NULL, '2025-04-19 10:01:37', '2025-04-19 10:01:37'),
(383, 20, 3, NULL, NULL, '2025-04-19 10:01:37', '2025-04-19 10:01:37'),
(384, 20, 4, NULL, NULL, '2025-04-19 10:01:37', '2025-04-19 10:01:37'),
(385, 20, 5, NULL, NULL, '2025-04-19 10:01:37', '2025-04-19 10:01:37'),
(386, 20, 6, NULL, NULL, '2025-04-19 10:01:37', '2025-04-19 10:01:37'),
(387, 20, 7, NULL, NULL, '2025-04-19 10:01:37', '2025-04-19 10:01:37'),
(388, 20, 8, NULL, NULL, '2025-04-19 10:01:37', '2025-04-19 10:01:37'),
(389, 20, 9, NULL, NULL, '2025-04-19 10:01:37', '2025-04-19 10:01:37'),
(390, 20, 10, NULL, NULL, '2025-04-19 10:01:37', '2025-04-19 10:01:37'),
(391, 20, 11, NULL, NULL, '2025-04-19 10:01:37', '2025-04-19 10:01:37'),
(392, 20, 12, NULL, NULL, '2025-04-19 10:01:37', '2025-04-19 10:01:37'),
(393, 20, 13, NULL, NULL, '2025-04-19 10:01:37', '2025-04-19 10:01:37'),
(394, 20, 14, NULL, NULL, '2025-04-19 10:01:37', '2025-04-19 10:01:37'),
(395, 20, 15, NULL, NULL, '2025-04-19 10:01:37', '2025-04-19 10:01:37'),
(396, 20, 16, NULL, NULL, '2025-04-19 10:01:37', '2025-04-19 10:01:37'),
(397, 20, 17, NULL, NULL, '2025-04-19 10:01:37', '2025-04-19 10:01:37'),
(398, 20, 18, NULL, NULL, '2025-04-19 10:01:37', '2025-04-19 10:01:37'),
(399, 20, 19, NULL, NULL, '2025-04-19 10:01:37', '2025-04-19 10:01:37'),
(400, 20, 21, NULL, NULL, '2025-04-19 10:01:37', '2025-04-19 10:01:37'),
(401, 21, 1, NULL, NULL, '2025-04-19 10:01:37', '2025-04-19 10:01:37'),
(402, 21, 2, NULL, NULL, '2025-04-19 10:01:37', '2025-04-19 10:01:37'),
(403, 21, 3, NULL, NULL, '2025-04-19 10:01:37', '2025-04-19 10:01:37'),
(404, 21, 4, NULL, NULL, '2025-04-19 10:01:37', '2025-04-19 10:01:37'),
(405, 21, 5, NULL, NULL, '2025-04-19 10:01:37', '2025-04-19 10:01:37'),
(406, 21, 6, NULL, NULL, '2025-04-19 10:01:37', '2025-04-19 10:01:37'),
(407, 21, 7, NULL, NULL, '2025-04-19 10:01:37', '2025-04-19 10:01:37'),
(408, 21, 8, NULL, NULL, '2025-04-19 10:01:37', '2025-04-19 10:01:37'),
(409, 21, 9, NULL, NULL, '2025-04-19 10:01:37', '2025-04-19 10:01:37'),
(410, 21, 10, NULL, NULL, '2025-04-19 10:01:37', '2025-04-19 10:01:37'),
(411, 21, 11, NULL, NULL, '2025-04-19 10:01:37', '2025-04-19 10:01:37'),
(412, 21, 12, NULL, NULL, '2025-04-19 10:01:37', '2025-04-19 10:01:37'),
(413, 21, 13, NULL, NULL, '2025-04-19 10:01:37', '2025-04-19 10:01:37'),
(414, 21, 14, NULL, NULL, '2025-04-19 10:01:37', '2025-04-19 10:01:37'),
(415, 21, 15, NULL, NULL, '2025-04-19 10:01:37', '2025-04-19 10:01:37'),
(416, 21, 16, NULL, NULL, '2025-04-19 10:01:37', '2025-04-19 10:01:37'),
(417, 21, 17, NULL, NULL, '2025-04-19 10:01:37', '2025-04-19 10:01:37'),
(418, 21, 18, NULL, NULL, '2025-04-19 10:01:37', '2025-04-19 10:01:37'),
(419, 21, 19, NULL, NULL, '2025-04-19 10:01:37', '2025-04-19 10:01:37'),
(420, 21, 20, NULL, NULL, '2025-04-19 10:01:37', '2025-04-19 10:01:37');

-- --------------------------------------------------------

--
-- Table structure for table `sessions`
--

CREATE TABLE `sessions` (
  `id` varchar(255) COLLATE utf8mb4_unicode_ci NOT NULL,
  `user_id` bigint(20) UNSIGNED DEFAULT NULL,
  `ip_address` varchar(45) COLLATE utf8mb4_unicode_ci DEFAULT NULL,
  `user_agent` text COLLATE utf8mb4_unicode_ci DEFAULT NULL,
  `payload` longtext COLLATE utf8mb4_unicode_ci NOT NULL,
  `last_activity` int(11) NOT NULL
) ENGINE=InnoDB DEFAULT CHARSET=utf8mb4 COLLATE=utf8mb4_unicode_ci;

--
-- Dumping data for table `sessions`
--

INSERT INTO `sessions` (`id`, `user_id`, `ip_address`, `user_agent`, `payload`, `last_activity`) VALUES
('ewv2EhgDfV0V1IqaKIcOPni35ZfqnWtjS2jwqAqv', NULL, '127.0.0.1', 'Mozilla/5.0 (Windows NT 10.0; Win64; x64) AppleWebKit/537.36 (KHTML, like Gecko) Chrome/135.0.0.0 Safari/537.36', 'YTozOntzOjY6Il90b2tlbiI7czo0MDoiVzA4clk0MzVJUHdCU2RBV3VzYTFEVExRT3FZU1A4ckNnNTR5R0k1SiI7czo5OiJfcHJldmlvdXMiO2E6MTp7czozOiJ1cmwiO3M6MjE6Imh0dHA6Ly8xMjcuMC4wLjE6ODAwMCI7fXM6NjoiX2ZsYXNoIjthOjI6e3M6Mzoib2xkIjthOjA6e31zOjM6Im5ldyI7YTowOnt9fX0=', 1746223738);

-- --------------------------------------------------------

--
-- Table structure for table `transportadoras`
--

CREATE TABLE `transportadoras` (
  `id` bigint(20) UNSIGNED NOT NULL,
  `nome` varchar(100) COLLATE utf8mb4_unicode_ci NOT NULL,
  `logo` varchar(255) COLLATE utf8mb4_unicode_ci NOT NULL,
  `tipo` enum('aerio','terrestre','maritimo','fereio') COLLATE utf8mb4_unicode_ci DEFAULT NULL,
  `created_at` timestamp NULL DEFAULT NULL,
  `updated_at` timestamp NULL DEFAULT NULL
) ENGINE=InnoDB DEFAULT CHARSET=utf8mb4 COLLATE=utf8mb4_unicode_ci;

--
-- Dumping data for table `transportadoras`
--

INSERT INTO `transportadoras` (`id`, `nome`, `logo`, `tipo`, `created_at`, `updated_at`) VALUES
(1, 'Macon', '', 'terrestre', NULL, NULL),
(2, 'REAL EXPRESS', '', 'terrestre', NULL, NULL),
(3, 'Huambo Expresso', '', 'terrestre', NULL, NULL),
(4, 'palanca express', '', 'terrestre', NULL, NULL),
(5, 'FLY Angola', '', 'aerio', NULL, NULL),
(6, 'TAAG', '', 'aerio', NULL, NULL),
(7, 'Secil Marítima S.A', '', 'maritimo', NULL, NULL);

-- --------------------------------------------------------

--
-- Table structure for table `users`
--

CREATE TABLE `users` (
  `id` bigint(20) UNSIGNED NOT NULL,
  `name` varchar(255) COLLATE utf8mb4_unicode_ci NOT NULL,
  `email` varchar(255) COLLATE utf8mb4_unicode_ci NOT NULL,
  `email_verified_at` timestamp NULL DEFAULT NULL,
  `password` varchar(255) COLLATE utf8mb4_unicode_ci NOT NULL,
  `remember_token` varchar(100) COLLATE utf8mb4_unicode_ci DEFAULT NULL,
  `created_at` timestamp NULL DEFAULT NULL,
  `updated_at` timestamp NULL DEFAULT NULL
) ENGINE=InnoDB DEFAULT CHARSET=utf8mb4 COLLATE=utf8mb4_unicode_ci;

--
-- Dumping data for table `users`
--

INSERT INTO `users` (`id`, `name`, `email`, `email_verified_at`, `password`, `remember_token`, `created_at`, `updated_at`) VALUES
(1, 'Test User', 'test@example.com', '2025-05-02 20:51:44', '$2y$12$P8uOzapp1NRbAy1F5y.M6OYcvfRBTOxsYEXPeHBzDQ8g/aNO1Ms8O', 'A3Pupa68Sy', '2025-05-02 20:51:45', '2025-05-02 20:51:45');

--
-- Indexes for dumped tables
--

--
-- Indexes for table `accommodations`
--
ALTER TABLE `accommodations`
  ADD PRIMARY KEY (`id`);

--
-- Indexes for table `attraction_categories`
--
ALTER TABLE `attraction_categories`
  ADD PRIMARY KEY (`id`);

--
-- Indexes for table `blog_posts`
--
ALTER TABLE `blog_posts`
  ADD PRIMARY KEY (`id`);

--
-- Indexes for table `cache`
--
ALTER TABLE `cache`
  ADD PRIMARY KEY (`key`);

--
-- Indexes for table `cache_locks`
--
ALTER TABLE `cache_locks`
  ADD PRIMARY KEY (`key`);

--
-- Indexes for table `contact_information`
--
ALTER TABLE `contact_information`
  ADD PRIMARY KEY (`id`);

--
-- Indexes for table `destinations`
--
ALTER TABLE `destinations`
  ADD PRIMARY KEY (`id`);

--
-- Indexes for table `failed_jobs`
--
ALTER TABLE `failed_jobs`
  ADD PRIMARY KEY (`id`),
  ADD UNIQUE KEY `failed_jobs_uuid_unique` (`uuid`);

--
-- Indexes for table `jobs`
--
ALTER TABLE `jobs`
  ADD PRIMARY KEY (`id`),
  ADD KEY `jobs_queue_index` (`queue`);

--
-- Indexes for table `job_batches`
--
ALTER TABLE `job_batches`
  ADD PRIMARY KEY (`id`);

--
-- Indexes for table `migrations`
--
ALTER TABLE `migrations`
  ADD PRIMARY KEY (`id`);

--
-- Indexes for table `password_reset_tokens`
--
ALTER TABLE `password_reset_tokens`
  ADD PRIMARY KEY (`email`);

--
-- Indexes for table `ponto_turisticos`
--
ALTER TABLE `ponto_turisticos`
  ADD PRIMARY KEY (`id`);

--
-- Indexes for table `preco_rotas`
--
ALTER TABLE `preco_rotas`
  ADD PRIMARY KEY (`id`);

--
-- Indexes for table `provincias`
--
ALTER TABLE `provincias`
  ADD PRIMARY KEY (`id`);

--
-- Indexes for table `rotas`
--
ALTER TABLE `rotas`
  ADD PRIMARY KEY (`id`);

--
-- Indexes for table `sessions`
--
ALTER TABLE `sessions`
  ADD PRIMARY KEY (`id`),
  ADD KEY `sessions_user_id_index` (`user_id`),
  ADD KEY `sessions_last_activity_index` (`last_activity`);

--
-- Indexes for table `transportadoras`
--
ALTER TABLE `transportadoras`
  ADD PRIMARY KEY (`id`);

--
-- Indexes for table `users`
--
ALTER TABLE `users`
  ADD PRIMARY KEY (`id`),
  ADD UNIQUE KEY `users_email_unique` (`email`);

--
-- AUTO_INCREMENT for dumped tables
--

--
-- AUTO_INCREMENT for table `accommodations`
--
ALTER TABLE `accommodations`
  MODIFY `id` bigint(20) UNSIGNED NOT NULL AUTO_INCREMENT, AUTO_INCREMENT=32;

--
-- AUTO_INCREMENT for table `attraction_categories`
--
ALTER TABLE `attraction_categories`
  MODIFY `id` bigint(20) UNSIGNED NOT NULL AUTO_INCREMENT;

--
-- AUTO_INCREMENT for table `blog_posts`
--
ALTER TABLE `blog_posts`
  MODIFY `id` bigint(20) UNSIGNED NOT NULL AUTO_INCREMENT;

--
-- AUTO_INCREMENT for table `contact_information`
--
ALTER TABLE `contact_information`
  MODIFY `id` bigint(20) UNSIGNED NOT NULL AUTO_INCREMENT;

--
-- AUTO_INCREMENT for table `destinations`
--
ALTER TABLE `destinations`
  MODIFY `id` bigint(20) UNSIGNED NOT NULL AUTO_INCREMENT;

--
-- AUTO_INCREMENT for table `failed_jobs`
--
ALTER TABLE `failed_jobs`
  MODIFY `id` bigint(20) UNSIGNED NOT NULL AUTO_INCREMENT;

--
-- AUTO_INCREMENT for table `jobs`
--
ALTER TABLE `jobs`
  MODIFY `id` bigint(20) UNSIGNED NOT NULL AUTO_INCREMENT;

--
-- AUTO_INCREMENT for table `migrations`
--
ALTER TABLE `migrations`
  MODIFY `id` int(10) UNSIGNED NOT NULL AUTO_INCREMENT, AUTO_INCREMENT=14;

--
-- AUTO_INCREMENT for table `ponto_turisticos`
--
ALTER TABLE `ponto_turisticos`
  MODIFY `id` bigint(20) UNSIGNED NOT NULL AUTO_INCREMENT;

--
-- AUTO_INCREMENT for table `preco_rotas`
--
ALTER TABLE `preco_rotas`
  MODIFY `id` bigint(20) UNSIGNED NOT NULL AUTO_INCREMENT, AUTO_INCREMENT=2171;

--
-- AUTO_INCREMENT for table `provincias`
--
ALTER TABLE `provincias`
  MODIFY `id` bigint(20) UNSIGNED NOT NULL AUTO_INCREMENT, AUTO_INCREMENT=22;

--
-- AUTO_INCREMENT for table `rotas`
--
ALTER TABLE `rotas`
  MODIFY `id` bigint(20) UNSIGNED NOT NULL AUTO_INCREMENT, AUTO_INCREMENT=421;

--
-- AUTO_INCREMENT for table `transportadoras`
--
ALTER TABLE `transportadoras`
  MODIFY `id` bigint(20) UNSIGNED NOT NULL AUTO_INCREMENT, AUTO_INCREMENT=8;

--
-- AUTO_INCREMENT for table `users`
--
ALTER TABLE `users`
  MODIFY `id` bigint(20) UNSIGNED NOT NULL AUTO_INCREMENT, AUTO_INCREMENT=2;
COMMIT;

/*!40101 SET CHARACTER_SET_CLIENT=@OLD_CHARACTER_SET_CLIENT */;
/*!40101 SET CHARACTER_SET_RESULTS=@OLD_CHARACTER_SET_RESULTS */;
/*!40101 SET COLLATION_CONNECTION=@OLD_COLLATION_CONNECTION */;
